916247278
727702631
637142183
8018343
569890942
949502846
453494478
297285158
6190855
186359733
836970721
795791732
277938379
686841968
573060663
133549864
609433498
592130617
696304768
860094541
65199377
720092690
258629184
523387580
832522742
768056613
536689933
936303835
144186345
538912408
649783618
552778477
117707779
894232925
187511481
592546512
348475631
420837934
445845914
404888851
168802618
596128311
291217411
548136430
234968380
607986563
398999692
708837278
102444023
736109824
360879091
103512357
310526233
859798496
406537718
488493983
275532051
260301918
425671241
733138115
122631965
795138456
792426854
359412585
577141882
22610874
357610396
291632459
862403031
851422522
326042862
873103710
731227316
171608500
697051374
488407418
112751942
911097013
953095904
581158727
761681870
198240301
848364980
433021710
31347388
286910562
806182817
759786372
995159248
924817471
191598578
426998738
758561459
368047781
25483337
415287539
978873447
25775262
991657221
243768072
540702673
838690393
627025660
44003362
830823127
309121938
644374869
286326032
957359406
885697177
340341682
389551673
331715682
701631614
9894442
663879991
823172701
180504627
974078739
36384688
872126679
12212713
865434018
798041729
577195296
630041990
563185984
633132779
991474626
687404026
219113201
734101096
45501890
980871206
628803357
676765208
644227563
760388566
898413940
501875540
182765215
559177641
117418775
770057371
426887821
279153220
562049096
498722213
445149982
292220434
722838267
178182788
413299180
633076922
743902040
694135070
658378844
994262154
513621956
182880229
663207863
385562724
388131730
581776631
644336977
158935519
894505244
955018201
28898321
510997418
279068069
514980987
342352339
545279002
277622728
643597182
994811283
328174832
400234272
147741706
876316928
503117301
713269058
246217817
235483196
197816455
257384683
103236208
872647946
236613924
327844098
189753113
799309260
231567178
14017230
103865819
732376347
425467585
938026663
105647766
728247612
358884029
144281550
550459104
234660345
436457031
825985965
381285962
16861114
501755233
178454662
884936573
656982927
54807679
897739228
493423428
327049748
789267074
714253043
543398978
500262039
550533450
75534775
587150662
839496052
328286579
895555291
487784193
566195860
336656474
76092501
72276238
422099158
367094976
739948368
44836240
906223976
803967767
107038101
665269082
839757341
778801972
919904382
577723859
476727302
176779122
428453851
215549624
926892344
576907808
969013853
4653837
694213143
339083876
266094975
190325605
538447769
617113522
546158372
24552327
369642846
195283169
338359414
628681966
673748049
78553193
809501472
390901657
833667837
123716929
90555232
670960063
957244628
110595376
470687069
314875488
352983387
722220648
881574172
976944332
655778607
946104694
199690899
967060521
624798122
976323649
950439724
547400243
529009414
660521328
851101665
990378317
752965327
573983680
466109002
514180490
949525312
717302394
382517305
712808933
237890922
727573342
224141728
615373959
914228571
382094094
655616639
400179259
585406121
346483373
456937733
385800468
400193519
52255128
344612970
366377403
171346742
709860716
318611621
184607464
637582308
814256375
191056557
765915834
423141072
246153803
100950958
935122365
533150460
330542655
171387988
921040431
924121801
410898977
221937946
486300398
957247150
71005969
37448997
111704778
803969707
504396172
74444332
433111740
610129591
133601335
588047064
872771682
39003641
557585009
833529224
147467040
221790492
359807882
587475665
407198810
370355669
644187152
595744845
846411968
429474493
941125569
98450593
969859749
706769027
206485985
908071932
550764705
370199533
235441827
635261776
474732403
292015780
875439965
674840644
741492841
749311386
147699630
365979342
271548047
263732082
878040144
212471067
133989605
133711204
378381769
868650443
707016583
590599005
238607432
200722349
126573733
667078004
801774343
602749522
273415842
508174149
677800180
976690962
586421352
167616557
664702040
209782519
169646303
480355241
629215786
208990152
868330935
597532996
454763808
998326241
396005529
555937870
442431110
709182483
744254410
77117148
902332558
825097129
128855046
424313092
113725114
89668762
314563258
166383598
242575507
30706087
733535349
621981247
950565200
766550956
950985641
174428703
697104904
623765071
879777922
734267791
193287551
359317618
732277845
194315503
409183259
271447004
510733724
762012781
995028252
916111039
326605588
32833030
564516570
613628323
244024897
377397334
945549826
845657584
493735968
548080690
826727519
993183053
370899456
871904126
440814276
441916044
602325019
675172345
520945518
353523146
303314303
820807730
453978963
585335174
38848264
591823941
9840459
51858480
74207120
156546621
980880848
178695681
855558183
690984667
419149131
141607753
63460282
337015992
915999388
643262981
993913935
511465214
70230010
432251030
211814036
833313528
160163905
317271638
904108743
390452070
925300325
55257604
494275384
393068205
320423451
657239904
778010516
739560552
153359733
238722857
658213658
802075336
303825570
37903788
178748011
97844132
682913279
420418795
311177272
286282691
874068735
274735004
869145422
364000175
200046003
674776953
278615490
149895959
289933407
585477340
85325951
753856834
205096087
860518203
928646991
607828713
507020338
299255883
270320348
83743475
270179717
790862117
970317608
935232444
402180145
720553512
871899980
489515298
656557588
283632488
492471036
595494051
612966819
741278377
740830890
139879561
741312298
525256831
695838314
120891651
601521958
517390591
294798069
749701083
539686793
679860816
381146544
277825853
655653735
500471001
711498952
592426934
694778665
784421699
148783845
558128116
91613688
862391797
674140139
708089983
431363904
386968997
253920932
694784598
925496202
796755702
80859417
837531486
403660434
978186505
709776390
283363612
642590668
887976993
754309160
130270413
122144003
190300201
466254595
343697566
803777290
456832147
33686590
496641693
621030379
422774223
904765102
633485817
209884609
19787775
412372149
851827579
341851900
130745171
548164988
67578001
675633649
315420417
387179698
613872129
578501795
110269639
928360125
654513092
987849987
674005997
962921596
953167423
596451554
515754726
293031761
56672967
896384845
188585443
399465126
763246190
244696837
346712944
106434759
190818748
878884983
28892551
334522272
500876693
764327998
856555030
60059806
811543030
859583907
353934721
709532671
891430092
442446922
734976614
117698195
748151796
697573579
256059268
777951180
200776083
563110596
85160577
449050337
343054884
453993428
192249472
742079662
844330924
482053583
998361364
523420568
95754579
130478729
672680415
1562847
770259464
557642093
876400126
220916337
101379220
448842314
226455370
192034578
756216583
646623577
248589851
368600287
947446041
524558808
708551037
842455083
696194967
325545093
271312078
898052639
695439168
351222352
135286924
501341113
296740653
69673718
89656528
134460327
182975511
655011182
717940402
607958320
775447758
619902034
426380830
217508920
403577513
286577026
97901086
202631175
434964667
277198382
431199183
192876198
144171387
409207938
371687551
261846543
492558097
57314789
426682383
392527223
140617338
269180744
984465155
657518377
351567655
708690442
117600687
617120716
476458335
650446031
800367653
748780894
434627981
907639865
997457032
661147971
303083099
91751568
840296950
779904660
544717921
838409863
738220496
744353565
962945535
334683491
164682691
740724915
959112793
951883785
277166656
603004585
519974798
856121395
891462186
230201343
125243646
734152561
484061042
789591025
116818868
243909827
431727971
911581305
71257287
171005626
311017197
289828422
482200398
426839744
525024047
917166190
861912054
310205125
95157935
618186701
451292653
679712484
472342992
76318872
782020712
833865740
581991434
51626854
861212957
596793897
781559528
884662882
650937341
130868166
448779950
782865142
803433983
231540535
345434152
606016071
716790720
499666065
438974739
122285329
137776012
810039363
515615020
560639329
134656313
889023614
352704363
965502513
904476154
669029323
503373698
79806274
331763030
1872827
344224629
383175724
661025242
361582070
94147761
529894507
924919636
228597720
440674472
249600928
185029799
861795066
91029478
480390882
172587942
193699955
889462357
742044463
794890018
177770278
985877069
17128301
244394475
155101402
458014017
455390862
57818404
134030407
563788602
157329902
468302387
654452234
577336012
24922259
679791587
652499824
230837960
548821052
413443751
567894439
592371098
62349590
425856515
932071291
939739420
345168330
501099244
342980071
309543853
337513205
425821250
723060147
717250461
762464259
465282331
143252163
416500648
675264336
444609684
954603752
180732854
625524634
746047349
934515413
976180160
561677332
162067920
900893841
414361208
998722008
354114379
184465198
590090014
777537537
528697213
841006220
442474323
209983707
591002040
639733713
25688940
620240984
655356024
405499383
146065723
472337404
759848008
576309334
13271499
189264304
234027565
16311228
406671206
845063769
340937650
978066755
302887725
354187739
60318445
211426211
596173999
353793181
340775607
465682486
657019256
684768516
154343532
259040916
672731226
75757840
222549086
979680430
700669358
31630237
732920930
425397034
540372393
114870140
866494111
117596830
758129425
478828843
950537952
27921458
914166077
140108890
527242582
136400764
659611977
347226711
588188163
550903036
396043264
835203767
774460109
77374414
814953396
204288303
568075334
173215836
452952664
294597227
713109143
799324115
250915464
885098930
891677697
571203899
240906002
71964272
630717865
768072971
622575103
468923138
792172325
798704107
880035959
851913565
286057353
252402973
930220337
407211517
166466999
380561551
760803537
521236294
887032796
447101733
329981130
183517593
107200289
216563659
406932335
873455963
898093439
603391320
783841707
581077329
790506255
808858745
184758117
908814823
565332805
147349331
789491928
682244465
637676257
84381882
447590927
41372264
346126289
339903938
573450568
471073960
958094075
457761060
746472678
284118451
664152693
987143610
611214494
143046380
187737188
320077522
234876942
822298870
795281705
832558724
700286853
335019332
274462113
463407628
464920236
93816650
540634153
958327080
75116355
122436464
408270746
766301284
507879454
373494210
933334098
559816163
717245499
426521928
496329127
40250342
437492041
242971233
672845240
16122516
947470682
704352446
375724945
501907423
612610179
463519950
338043865
652777516
19589850
127101152
531510338
173630883
692900227
996521503
513380759
793769517
197163522
444642281
418795141
634134652
985052478
498768776
541577744
88936469
978721504
815519740
298822705
719545264
526059938
749877664
490007169
778350
29220495
841433516
890652188
112584619
960134188
306242282
367526652
496058249
837509677
399911329
286584894
553248795
305328934
965791644
583501845
210637073
267702934
881697719
160479126
116214832
944675781
29426884
472072064
994559347
19094012
678159784
345678138
532673753
195524869
621525115
965742516
379632388
197350260
279270654
366639012
677886952
182169524
714447250
417245511
669137630
984736686
215924620
845926257
817140135
101023753
242954239
501620900
571609690
425102173
827378011
822758699
597705243
71309798
304785274
542417480
351213186
824671005
129197709
48051238
690676962
867307776
317504181
78051608
596795183
875774150
523262824
900526998
187681586
408175596
996811041
739801425
918012302
287706640
577110696
163213620
814222381
6742582
726364057
48552341
239877912
518260305
229616932
247115530
220223817
523608287
165962582
908058067
951737441
409387985
720327781
112733166
651034463
82907205
789832552
387229579
359708822
743450621
226087851
203339143
269504099
835972952
635370006
669535599
276911415
767653319
556114607
712534651
656772914
188948789
662446139
940643829
871958256
283289987
833952354
598454549
195552012
7224430
380316733
879851244
805878763
798601469
445160277
377906443
225290859
735741554
650754299
392503170
209834090
565563907
718572244
329585329
372745621
889104087
35934425
112894096
174368195
952708230
614204252
127510047
522869100
880965439
732078971
697413771
214371643
861930917
755561999
141579610
614434473
113589850
218146938
4730338
771419828
48767474
646712001
816424683
608211370
33324730
23565453
622292489
32237006
494782751
109952133
254228210
587919686
948054302
41545635
897297849
755737064
237760461
359376763
441000393
319002329
295103182
888405244
502816225
705044417
327302385
185874838
122584973
148746917
747853854
57317573
540446458
641208919
93482465
276214548
81365145
411204415
250977060
132431452
57288293
348615286
477714134
347848712
83164187
883136305
914855510
15090366
563407799
895429064
112265594
197275131
429641879
538617044
588224265
960407869
977717832
130030405
412117032
83456159
502356605
923594706
621736148
681226716
413073834
860228229
980609952
979651841
758994928
692242771
950826511
600946908
914963685
180190445
390516283
769533346
548444891
227744055
58913404
394755356
994738733
475853642
777559045
135496920
456608361
138718805
987411816
221047514
908149957
551269589
528781961
183525964
539135100
876751012
917802455
59627991
684052252
286484374
844789438
643828786
404633322
613529008
522860703
967489554
593627128
652035901
534413612
98574115
790489490
703147446
771050845
86743051
384794866
204322317
919092220
522935592
270335899
52446785
997637093
247161511
609826844
872749560
608660028
200982115
580016581
283487021
328355125
15695608
200542098
83804481
760763948
401546368
867401284
773524257
272312456
873291303
559369500
943047339
701628517
485908930
186651018
550787272
680742153
656663134
128498828
506239330
802954244
667475331
267534348
578586235
256583131
827912177
769457663
260482334
173394152
303928520
477942039
816199625
724686355
501868404
636435466
226717254
190896328
128798863
59756052
482805530
816686048
947254981
463531907
167050602
515094880
598339196
380369520
631562646
825703422
916126094
520785851
113678612
419669127
176846302
335905521
725194708
167889343
235023506
832492016
430179821
403692129
790076273
92270310
211102578
661555266
58914605
64283463
626752038
307750755
902440007
617211883
276598089
166156900
514793431
713175094
489870261
281682083
69786430
773144037
677917084
869032486
604129753
451360658
363368099
725169172
525103096
313624279
719425599
936364870
888099161
331401063
535541678
514547269
417999880
577575414
993677107
584246316
3190180
169633184
712820086
815116675
65943270
325830088
78336998
197795405
898875151
241983597
585164423
599244753
483366469
638140414
858710693
474174925
876038181
539031837
629932405
121080656
349412601
897154429
744646771
873165342
198979955
622259241
673466489
964871563
470329422
847712414
928686934
254329067
801171791
192065174
512470916
355175640
610590401
452575536
171824721
276996223
453014685
150170711
438350937
174591941
898437429
77537370
269211701
329655870
79089154
248807524
274594284
101978819
55764917
795973451
381167022
228645655
691194698
639302378
943313789
250155866
749092031
78503
938031067
22253742
407429999
518844453
343145288
845213274
873481742
577573914
582121518
839151234
160847614
175812247
292198047
149829767
628702123
405828059
773880553
809350570
706211005
514585512
647480797
940725680
379924531
691860781
594701711
364411827
569598023
539587043
530851782
448927563
210627514
969859981
333074892
816799616
727556648
224382941
294119672
237374971
390456039
673228342
472099677
20221367
270162746
282363325
58360727
418903394
182197820
342709325
408867599
102370279
868434447
913954157
811118860
189050754
596883384
685514306
889668271
257402396
661625081
61503488
928425439
542038769
515859437
276724892
929747467
130350270
392077245
86907585
594132723
18287674
208056671
249826702
164136605
461291699
233257350
568925985
924959985
878231335
941786065
812368761
645338304
48003072
575666350
618820264
690519183
131923765
865665252
964466949
743470628
923340163
269993356
752165616
905465967
642636294
110106994
88241328
901513605
999983204
529535057
418730918
809271437
595009367
354488245
356676673
345991823
176872838
552580653
103369753
136604291
99251592
860461546
633097040
743631998
769803591
893092550
863140184
152124948
3708219
627228720
642408317
765247315
111245362
922927056
404962457
48031254
344468763
984649921
483052463
259226345
239537819
186178953
638436441
93052488
158247373
26467719
561454426
339506288
617212719
92817686
466152176
575860612
454076039
240345333
353785468
967054255
603842091
481086464
537364505
689648508
84865418
260839622
888572333
451610759
466764060
859652208
513900115
47891636
174064574
728104851
283165718
625310665
696120089
965057615
143431079
567591563
457960925
289929149
67250249
430996810
588365552
633691667
507794720
628109107
85384343
983936198
63450361
77632141
593923890
403213168
327575353
672366830
721767978
178816625
832222480
621589076
652493235
576148327
124347630
361571030
244533544
101932617
38260780
668931868
831555470
800527152
662678054
225464667
946494546
315354323
902398545
470979440
865676550
4170613
711930438
554280441
236054450
823118492
245590912
871428623
821121169
304122652
794850178
288226728
747728145
603683117
221005014
918361051
846323427
531302006
436423603
988069542
36170581
308102832
206746551
634923023
261524087
877099782
470818312
693683082
73366841
229132243
376935703
312959684
899777202
750353303
81185428
339466036
722058989
394286548
126145883
418984945
182289591
384167094
656333013
897473658
725886705
692551814
45028528
103759418
940310678
433425667
65274151
421807244
511661236
853301551
293021452
542241723
197834512
722691064
998855760
176964732
834331154
646621469
947009832
711048929
777639347
162058000
906714454
881467835
310245248
333057312
593788783
910419367
301263374
481210005
338222469
805102789
398810354
285419644
826964129
409797632
657861139
585875356
977946068
579317494
230094002
82799572
745935036
388043373
763212823
938945117
536693275
155796092
822155043
195102410
404157382
246246503
527518667
564410328
41604139
712682031
766621284
312341645
914365889
180681925
67900411
268575487
358181878
564059884
41929972
513681236
641023637
343610674
707714530
980081203
991791608
651735510
338523793
926168522
250537117
558057600
154456249
829583496
807090319
457567935
200688183
11359774
659485331
17054575
69656764
825196749
65047267
342473479
554411964
767401906
455841595
424758649
29193870
836438268
205377311
335234403
191249617
711009851
889047718
589422235
886606553
361574573
521011996
431715262
695007538
113776087
738023198
64263748
976315315
378067161
724591536
37282625
882685553
618981272
462926554
369947255
554119580
165269925
426302160
974153130
447721192
560225094
125905733
275775653
898467832
67193991
81948509
558612463
713312488
67195537
700520317
818795588
100188661
17472499
668524505
186739033
484225050
472429511
399202707
892356736
6116828
820224991
65711585
468980536
841358257
38702036
828647997
689313618
592216066
895537433
890284692
875617663
778284823
229515410
164476222
612307529
128280490
441206899
309080545
544526989
351869268
475169216
236504152
251323502
772291242
538689925
968731819
25752201
883420575
462433996
243071540
604699116
571241712
577195739
491559849
181088425
639949776
960966143
469938860
668145537
394110546
495276742
787130609
563926032
385309568
303794396
967754813
769932433
539585802
4327166
215589619
506111462
99852557
763866278
209834809
62461174
841029987
444748716
533877709
85580597
506325257
284584895
4711561
86087047
863685370
219845950
598700220
296262668
718581512
372645170
992271567
181916492
899076204
901976913
160451603
619130777
108385365
102043938
627421394
52923484
766823105
121020975
722874019
341397971
839848142
616420372
599115776
451170799
364796938
405016201
453053530
72656666
661631193
577756539
566214796
396754296
601334117
632122445
469788860
738384396
116292619
597899699
878246069
764390905
299220996
643888574
805892756
841793974
635059383
297654929
541469690
909966923
19225921
825887298
925544791
899144063
427378404
182417105
734050262
802003427
608698678
936357283
218280558
646034609
69114525
265720410
225932553
451007966
580931960
799151296
463641852
983983398
25309151
802213055
653330131
234188142
620523292
438477754
902335049
950225671
566432049
305292706
600387778
801797342
557100225
325386628
144202781
199576313
824676234
510767228
74260486
502829724
417400729
633608743
131476835
806976123
279098190
918773545
635872923
820091506
268319904
473622254
210768732
501888277
646728947
395387347
493899896
414020622
514178132
198847209
554408768
882390826
686122123
834088337
90328242
76145608
287034218
495331423
80708077
415098700
152815353
65650003
961999144
758974050
756972545
403614088
270252978
113510132
409046313
732205950
980845491
773813059
390086440
680795054
99475602
378940846
865872735
597595703
415871591
416591996
730351419
407119026
278132311
699547113
111909813
910005792
876847225
764812768
15566701
72587619
855087006
404662393
704199011
365048275
89702640
650499041
874906259
597554430
371293589
557837215
433944108
229464642
574754059
290164832
450521561
764042184
411112778
110110964
206121357
408503726
663522838
729887476
172409722
46993220
549114051
256336447
946660461
117896444
374220553
828416207
951621901
743703497
934120525
860590864
344657146
271590964
30552614
286978918
282586347
334056750
939055504
450859369
328552557
569090147
517903808
511738245
286665274
158596518
670998277
740253805
669633082
890017244
466881268
594066458
422501535
622178684
139746012
173254820
276186553
634440937
499435961
988073109
542251153
752557324
374031653
714721340
897194607
227121487
473714691
559566843
309623196
341711804
766359243
495820261
608881118
640794414
471175224
196868510
19975772
155823225
398613989
503313831
222541819
349900264
852398903
612526639
327920247
747593966
84826150
364975508
436339930
574481707
383410801
536951238
439388381
730869050
857596983
562005701
345259257
255191560
287782801
66529954
810387558
86148127
783498781
60324020
904523446
317193943
809875343
517130447
957510446
70722456
142793490
285612959
787694746
865982191
678221770
108880959
67827380
955469669
837404817
406676124
779314787
933209638
64737036
294492644
778573376
244955648
332569657
323228992
666254674
931316910
318043244
950516234
897746019
498711201
437586629
716885795
931112695
228756589
586170456
70273887
709311508
602372025
631480408
546172269
106609218
440473089
211583633
837272687
749639707
105045957
501027493
40381838
904356449
69941469
626022268
323562256
71083133
630320306
323847840
220978880
61990489
3410251
12321455
63645113
15009871
146240087
463296313
677022177
934077675
835596005
179478753
61394811
388081926
381251792
65251045
358182277
316812357
697833560
540005880
4329324
336860993
517713076
391122744
453314476
229145636
360056241
457474478
965253404
788166980
944189932
11460025
682621254
209510496
686393723
378353582
288174931
304435276
527232639
836181668
240907979
157440961
498592424
710360087
740927711
269018948
870533007
481805452
322656838
168033722
950422577
214287707
179171112
821211891
324073393
651304852
318983815
148005770
36450391
323965163
337719404
760078215
722461276
973496976
975328458
956053936
114684948
925988589
981146470
436918543
235122866
396372668
544174323
631882062
905198398
38383351
758271340
127052250
4592791
534072839
679446071
659975922
619158455
6797057
510621834
889641710
780349268
925103022
116112362
136730314
897927288
197458202
855080054
896661853
912234278
45381005
411038145
582567944
803083157
892274644
65964531
987486217
89431829
437567299
127253937
774799374
560999036
394651801
276207739
390205760
359183723
205144795
42095262
801934030
24432971
387986549
622549335
772024121
999081354
265973107
769554230
974502064
74450449
874588366
190134817
35029528
483757461
543255363
425744629
715821244
141353838
153785654
62412674
74817513
53582767
384918993
104139324
78237402
458531416
401767523
619291666
679422618
42147494
124456263
785346400
312555003
533392468
206583953
182343620
307034850
924971648
41196100
481219043
793603286
34900017
453447272
80605908
689215546
138117773
836282590
435087509
869766580
154707480
221987235
621682696
495548792
294586279
465522938
938312844
560881945
533026264
731110560
450017905
679541732
497851160
709285996
261474693
613251244
858513997
109420845
615496812
984751548
828856954
811677415
679755067
990117247
472599640
981408981
49913490
145755859
427203436
479493819
424565108
750868954
726725860
209525202
906412278
510697136
72142891
493703285
857611869
461150900
462556793
512364481
641184608
962327410
435541978
875300855
946494675
936203962
469071172
747080634
547030030
262253151
153655507
624033194
550733761
929111612
772017599
968813004
414198725
334017740
808460877
35005118
179670521
33273289
915684521
540346197
207811081
850989697
914269546
269434561
498405363
820304787
281521772
691167389
617208984
280810702
405868728
760178739
382463223
660873564
970389455
215759742
263321303
955006662
339585428
785228753
257608285
659382249
551239115
70348363
972403370
607413986
242179095
842854506
597743649
283483888
990734656
884273019
878680467
756714170
311491876
195714468
758421613
282380268
438283032
776402849
159045152
895646231
455872624
842514641
14724487
4608567
893466938
756958605
518231523
643942074
65990989
31374040
860680003
830359261
786130809
8402203
408030800
88921708
186415158
599939688
609493721
744617758
967614848
561901985
871144598
874763434
857093918
649442804
730255111
787590336
346305854
526477915
985560099
949216840
154965810
797451446
651770954
776468481
590573825
802816959
410798716
381573350
648494923
450304608
830048854
5092470
710571259
967964062
227823623
396856119
514594612
666618280
59127872
437760541
459513429
234293743
210201731
990269752
566257811
765632797
796913421
419960030
232864943
801318182
800783688
53726445
959776145
243977841
168661680
887195081
169569494
175138940
456981789
283156153
164252997
643607088
235091252
545327088
934528142
25554840
344888065
689677384
937419719
802189755
750855932
774995227
15369926
947551539
479300581
784342463
107038351
20822318
996128599
3902812
440289667
722236984
405398300
344073294
986388797
28434704
413774480
345089900
794380577
583200930
731270629
657402826
25456754
378971400
484027508
348839795
534410366
255401394
894777591
399278576
318142238
705443698
643400089
496073521
330199669
169735118
500968160
361127710
652402912
469352042
133625817
324440815
616116517
677585541
686234322
933729081
934703978
889730037
423868361
992713797
900056785
141132311
235106698
89706894
294588927
312026023
970869769
24085197
613601412
811420150
839464480
17505962
217134492
70133099
680236241
334064464
614496234
865776555
103721663
469434830
955347872
403623987
504922118
896509395
966286716
829998764
868034098
595068200
315293412
313456955
201567599
694307876
95817938
575712446
209558783
551977649
375886196
893767248
611875050
537517754
449447783
618023947
74877131
335871727
51829527
283434138
213826615
601639132
746842297
293542922
719662982
564122164
670429736
564368261
150347642
453955062
764828029
245585248
400028526
540579252
321343814
208384645
510423651
927745051
449293177
359219150
36795948
63868
925879395
983522647
606317138
501768656
945980839
738493915
842425241
718847221
922159890
842125335
370930468
716332872
386390035
794488095
121983502
213850585
213567894
95380677
917622173
131156033
573638081
38702911
288904784
432471999
477478159
245331060
766509728
253247570
32108752
35013572
237117064
224357878
207176488
433422349
141997706
398132124
970341456
383730301
642230553
353637491
509965283
622087151
488115815
176301537
142868510
539497747
86565646
478372781
366852817
841345750
387716577
632504128
108763226
387580999
439340896
730746799
138977557
592954387
640982362
403736154
314671272
467709431
182345016
163324495
709206858
490327481
476034725
935349674
326237792
496177013
472700641
346124524
602094481
333834778
729281320
601713282
278813061
14030024
355880856
26970520
656482607
540817497
907990754
621918077
383806220
345844920
468936035
288333812
593519410
140608045
441427613
792077244
12891813
393412412
951348907
803820875
595717678
252517878
982839789
314638256
994238829
289825254
158986841
505482010
913054568
941527852
225285589
341874080
883004390
191608089
211254113
421705346
236283152
961336982
977749797
370574300
142268909
987304840
141821877
823495926
553148194
163702753
11428230
740532830
581364884
204663505
740703631
747190753
300678738
296304739
258614021
516978158
96815995
487590735
200787357
41445033
512470681
998532524
518356674
908361263
972103772
475709157
689727167
748640823
244086044
473194091
223375591
283908878
829965727
727679916
722939260
995020211
376106429
56986572
416790950
359974288
320476091
159371182
230285172
203197673
971444238
326667088
734870931
533833531
217511017
822669858
941418281
433591454
820132465
660752819
202367004
663786329
854727654
927757037
401894712
448427129
788561568
42895822
410624436
386091989
754299256
206332507
960033778
438058706
994871938
475896876
142614268
602937249
961311661
434444920
152213034
522620369
218567000
192839107
669897841
972860319
562549335
565870568
615642548
692669939
571115230
49141888
580401059
949156858
998491691
950526626
223496765
246973927
611988388
296326138
823551293
674643535
313632511
943742509
152448252
658497684
2954275
23682639
906097926
181329304
241980210
339840448
175291437
708919470
675762559
813297751
248082990
242289617
951103037
507769288
659809067
768749600
72880970
319723984
860469155
810359791
845806746
501225888
755875163
798778799
65108849
831639629
199119423
764587452
282974794
662122504
47601617
226621046
523428866
635793843
311664213
168820416
146909510
768634525
276845417
569713354
283192732
400463147
859010382
703669627
242870535
882277756
550679304
245122238
951402869
82738637
797716470
363724604
933495748
500792839
925103782
680600085
928682239
385171218
619887389
880569873
190155281
984255509
235079049
734962582
18843599
15004010
800562383
798675968
859740264
284725137
360314950
562866684
532846695
381405220
277680455
774153044
167655457
528008777
861151763
342109623
541888587
917400282
37728006
486411450
695514543
750584994
442215564
277499033
73459384
582533231
73421594
64409117
384853615
234630830
359573825
297778794
889609915
726284046
219814669
258943536
102531188
842766567
25646525
13893996
612546749
201453978
278604599
173330932
307363590
671051174
27037837
511305649
945738167
648208004
311067739
903336033
146430318
756226477
676354956
892100793
994240540
903455488
940930350
883696458
893559962
842900385
443455853
500053422
538355748
550568593
691686077
749000615
411243078
616448432
619705531
869787316
186457969
210265681
887821442
157067222
726517424
542471843
813845588
363401138
662129215
76728855
210552957
444320571
350324044
994118673
77758657
297994702
139993387
878061382
139043798
771765394
649527178
941469750
760493647
214037906
830181717
426157468
414153111
516927250
814687018
183420381
923639547
835640852
770939629
792918135
255296100
486660460
62919197
991210920
606377787
329460763
304867641
927912784
789174777
829554914
772153130
176946885
176938317
736890386
763921271
948214874
226106615
271664670
542158368
279993753
876330084
752032264
428373979
786062726
457517145
896262328
730714048
372957377
240561238
806302270
229536166
913676235
126717909
939101
419577635
216080259
278388250
120231720
445930774
326797258
753698629
636067792
519736811
85784014
651888590
178436088
820159199
570297130
95108931
800619447
654613760
418908356
668165717
887695224
309736235
865558650
750281172
103458449
929386378
757596548
765129367
120390737
841271234
371739852
411567535
300574241
76210456
647778593
797545506
897270478
245251611
117766430
603372727
277749317
627238764
184260465
176738128
931957966
866291081
252288959
411078952
268080117
364949877
132846696
463125782
878335375
280386998
275544257
567969382
508764947
777595715
287968043
670433585
154787380
398119281
526882694
341236896
708262601
761148961
94076317
145727331
66787843
268332168
497471421
233232363
742649963
656774865
60482626
557716949
56876085
393197404
973476285
667166726
848277016
119830021
635649940
703667636
854999037
879849981
344914674
204086681
560832719
80447619
358177972
563999385
219002397
149358425
360113585
955141878
482315696
575165804
388026418
526134831
199446767
528390709
839792739
27984104
729071151
280153955
56999916
886286178
532746241
498236875
447982685
936880502
286069928
293129296
955215165
533386412
369228240
920744343
688686345
64983728
921990356
254431127
994950244
301375929
470823610
103664246
650118139
866133489
555647693
845691616
910532814
282285483
190695272
562836163
60090137
936006882
617415330
716059164
651189973
464506814
867109505
222561017
771440307
22608970
815837931
875967000
162007957
443323591
561435706
70294892
84411895
650485358
994485935
95829799
371546744
448171067
86979631
334824359
611642674
405932869
90978310
866268983
116106999
517028280
368897694
676359348
696528328
254117209
805959164
370399740
543344712
366492982
772868940
298481451
675984331
202995893
874600442
5709723
152451430
4997959
245830693
848327972
548655388
470564260
509629725
274863447
405547164
694627817
747619494
417055041
944875666
813068119
59069417
387214922
517385855
639028199
808032858
335977450
7836678
211759723
624428524
629208106
535557417
707073840
775741870
414008149
843822985
617681260
871503179
324931668
488711181
439688515
313706866
60089573
305221518
217071736
211631177
111965304
334547522
123639948
465438962
983259075
440859072
943676483
287387799
380655037
151753511
471915518
993437693
151122416
668537203
811258108
40455982
241676622
652336414
120285943
815198740
389169608
496723990
665503446
539210542
142162499
922572297
725863543
663505859
666208254
960520173
412094430
507910500
119227721
264971541
389105185
703674382
867033284
484392734
695371789
301564141
524038184
512381271
52730816
245083335
92518669
809959618
79434918
721306926
670396402
498383752
282292940
580564977
313630732
412105273
446767270
779614874
506258509
42769578
630281537
151833157
596521741
343755728
54003738
713075732
744928883
420033189
164633841
349527628
348559856
558175964
187239776
27722090
605955229
179078124
379212243
212988022
174125788
782083811
860328119
230889839
648951187
128281414
191973078
379540236
236790692
181717935
346093760
686977657
610095846
300535530
488574504
146275124
240648568
849221832
349832392
480807034
775890401
967708431
478460783
579538869
491328256
313959943
162419202
428683199
201632324
819347623
868337187
925170987
923757559
293588927
634601586
655644904
609376436
295973481
495617461
155730750
280416521
700765825
98690160
761904666
968223881
605581472
217148076
12909425
199039601
175666285
339502404
742845636
960763999
323590512
370301642
401050508
856565174
64939890
608942815
430155890
838647974
913155926
135006523
205592232
267975432
37818222
716038916
8950180
352283137
788176670
388171534
41427381
556034545
459188143
940574386
729967531
295198710
208015633
482543603
440956193
627263074
54454654
326317056
608039986
421177478
328268827
332939078
395647663
283767297
63617769
899018319
815635445
237110824
616409474
63011248
613464018
662694343
79027574
149497617
889870281
789684086
228227167
214762762
869882044
215481239
307983616
507656200
719712972
684250163
262022981
471648948
429318402
387329732
766894653
861954002
421168814
324743204
937001082
723729115
734028755
294044390
4912538
333712393
783559914
25579826
507903482
651139182
50834662
827392834
567832479
320011742
519734713
602698414
600547292
215532730
955505471
396480751
82983129
730604044
539374616
546027174
38974791
499720573
163274631
443330424
914791425
19356014
472657551
381560253
718877262
448200388
2374386
494902215
111113622
457374140
53117050
625423522
366003552
744525289
789722180
390724895
914454418
437189497
925958406
23384770
713224570
883179777
939938119
26096997
115329636
92799559
818026104
536165659
538971561
750440181
123423537
691348544
878377726
514962746
95019158
504122891
711438999
279893739
826933519
911225013
425733502
969841748
718782492
145178362
976210556
606755491
556212689
248220721
45439337
532351748
810313380
384476222
742345862
5862566
961042246
130612215
363467568
430446670
551662913
46005199
430081834
522494314
852682067
825352978
795739531
654400305
167581828
23044078
267593927
748172081
775034353
213886743
951771731
321500421
972755760
485851300
883388112
492087918
713345520
828658325
562390109
117950271
398560250
832535635
474504911
687828959
631299579
776693065
811374728
147788263
969811574
143581448
479444272
29335049
864814365
4407810
609672222
603601037
806032649
563610248
827640844
675048562
61499424
810390598
54639406
495547074
966945898
965401788
685320152
569911730
72006081
977673379
574536418
270092485
115250659
835070006
912459122
560982143
561061192
673251612
142869956
783687135
784953543
754765131
484811953
762950143
766265446
515445001
262594541
758289216
239166308
955280871
913229258
433580353
465522764
521752812
106097721
916079143
530070380
3930548
948178521
324137324
645556400
354551647
915386167
639934259
628747342
196886756
593965712
274895955
285999977
169012745
313259981
243732196
299265606
124883619
361447103
717094830
578512484
221245088
598353276
416587485
413226717
3191
934404709
180546351
816793106
554617350
846366061
852505678
790209724
892293669
712193636
77585874
808165644
799977964
998065831
576722677
758810381
99072132
960893042
538275183
936842839
304231632
390022653
387020826
404306802
1795270
620693712
826027818
912973
94039896
926738651
74099581
41513007
746967196
124953781
445867477
687999015
671567592
860308129
551791879
153777245
233038469
479694752
478263286
784537059
107160713
789610309
416890211
46472835
875627710
42397831
316979858
33654922
536865701
457969698
350723787
406306924
49568374
113259808
491227540
391611715
189427283
143262456
531659157
811626470
420617791
454633269
605935316
85641248
224941218
907754696
250852038
120882192
738096387
77325824
78476356
836693089
765713037
494914413
994117457
393001050
170082973
424971646
773812042
385406575
21322548
436817952
833321864
541046330
167238490
807031492
269629775
470301664
16788996
135168452
602900514
169468229
627295123
319748193
854719470
304147090
900157826
414962074
692729377
139978738
717464823
937321935
961323280
300685741
193642561
962762723
150865952
995715715
794518874
908775790
380448320
603465230
613851276
519063287
174837079
903334692
818958280
269207728
450953357
767093174
474749637
388164948
74621836
888299430
447507683
783330350
391820727
868415124
296532492
191157110
770670459
206448633
599371584
520704517
970594138
102887290
364881792
904962351
721548657
845724991
350689698
433342269
233119274
344602060
381798370
510621953
633081015
790076534
773774471
147017547
767548042
458376598
99491131
344078960
877243289
204174573
71655950
607601711
973722520
923465127
166587533
491773666
221198157
999541830
716937504
851246546
600195699
479290053
11766792
916916729
324484019
970927048
144765614
528871405
315444677
907018221
653194535
250175446
526670239
640739207
117278464
714748982
179450194
939841264
231597725
341294939
762616080
618782361
623249612
192803891
7825855
327112815
491807038
769743570
949060083
587623450
540205977
841286211
784210968
694368829
168973874
366147919
649440722
393656961
12082599
534157651
491393801
43431447
926659922
439438410
299315236
456584501
888900912
539853104
235152478
538474050
414648430
174137681
19893971
495933392
428264150
601227078
155396734
642362137
539701475
827531622
55991487
196846281
311928618
529537473
915259840
592897096
548604558
593557698
637828379
986333626
501289574
507751691
371559838
362975317
137772282
954574729
773464502
274480939
684023265
608509904
202179822
455811536
32869905
455660425
473084685
83177342
195236519
344840297
463731257
189971381
783677085
719668717
510988162
646047789
427448053
621224445
538061078
802459418
634229546
324034823
563112496
716548211
306281094
492046616
775237318
909914544
318754355
771073932
126859038
287413217
917917311
965488331
335840188
555416244
47058853
12362849
399856948
328474441
312976022
622144374
75279368
554511584
252328235
982518556
675043981
245496216
958030533
369373044
105776103
984914235
507179085
68528030
859403673
15174380
238925005
572559659
613283816
785616555
849130912
908659314
532173400
656118879
952568890
917642494
982656039
989035605
699237876
915502196
303765998
790192264
640779289
444617874
697635571
72706914
22159255
72816466
974781726
451951195
690266614
36933185
773846632
274085982
498429589
404239233
630507310
234578804
733459960
877605758
719106840
147220412
645508979
990485228
685588151
554534309
101921620
218518021
304659531
418286776
582595808
971147207
866426656
172904661
998333104
597562396
200328245
5831181
409967134
428265497
879225329
312307594
993892301
982182249
38887051
73811050
449059670
670509296
540688154
621456223
582970283
914747299
435706519
128343056
693768973
414600041
272872712
711648173
838270755
807608578
148739989
206750658
640588839
265708012
62178454
84791287
616682483
695264277
947689000
796294007
763665721
824988172
869639435
592851590
622882127
982561556
247310605
855434438
294797284
588680196
576009650
593993566
296222036
479544739
13865966
772818874
910420439
692947081
697790406
883406108
104644518
969299247
154246879
556781082
435524260
952926226
836356106
224987744
845223091
759372922
685483540
2557750
491407204
527127543
895150950
553619088
686708728
767998799
375267251
207119075
672547016
755452238
787091151
686751812
803885401
341167436
480983
986685117
255154064
344480941
894665345
572778494
101456246
980018078
344978471
621195895
876011170
447481532
211163003
978351853
567677461
346643561
221152185
532416133
35350173
862824584
343429127
798818063
222732815
343816419
511575980
482057117
894647330
774486743
284337107
767237391
153144992
878296974
860470990
572081890
462341578
422126369
105729900
988150813
285297156
551240901
75816037
154405155
359210182
341624159
24468397
197012143
107063877
943244074
479044771
986998598
291092128
110516643
793274436
900068750
416276844
460847401
352760794
126518760
600485974
548213486
181625886
392544522
621903828
776871835
361903643
205127055
668019762
588075502
604822738
749158729
148752118
3084143
630760265
753815246
746828538
654630796
272291266
184507526
51085607
309423210
537764132
940456269
104370739
743108281
570443972
406359889
983528317
660123634
927500905
149271764
834886354
797801352
912421805
504816543
24347153
344342442
624465392
998613124
731654395
21505964
973066813
747849423
228447674
670915588
643322207
74100987
926994611
779442345
39906556
319702101
127928473
635216610
621980497
543010513
520472829
208318390
634146683
219142906
916363532
367235139
241207699
505240076
951638682
703397396
270060883
682291258
836638437
535146508
888897130
15959775
794486410
820823641
201104970
944097666
523051026
437601098
515594668
416374790
927956021
192256274
96558357
1857412
677068428
623322663
977318429
537242486
502355274
695949716
507320659
413727017
125521868
875556205
952679689
612780788
164062527
881414386
992699878
530211451
971775424
101781546
374256648
231971637
887240923
602567702
679950160
275384649
769267091
467377115
313955974
161403158
545274886
102462946
191265061
909819766
796763840
33662637
787510019
424805421
577651053
700054647
754896499
446816250
24274437
270079556
797701262
345208449
255767226
541072898
961771849
700872717
729954856
794798822
345736219
666791832
563642961
661347027
10567663
843765970
873235258
943984773
181746553
216042053
224185415
822810257
635836037
707387392
331541856
471695197
737481338
960586348
885130391
434300463
640259819
199102068
963565026
626395295
382537593
433770563
143873663
80795376
405865141
425885918
42772658
996256092
118019396
471899813
944776979
976972472
13331901
513868388
590035404
496838620
153094546
394111327
320102975
259954518
129302280
412943306
361059491
895490926
593513125
241429499
720618239
399703618
670337522
4811496
788063164
21972185
797588048
805748902
63398267
386141486
629762148
43394402
641460059
926145334
811132055
915355274
810815913
224464462
960571911
583145731
755624916
545338203
954045554
187729094
769208508
945927832
661139929
883243558
399936718
887651479
241038426
906249823
912805140
654559649
591201105
553773789
328789867
839658932
873652627
465587704
67115039
375223573
854679259
323199816
717899251
73355764
528480747
112721796
369165713
587100443
114848433
766374602
949617017
468727788
806998057
935574794
598604990
754289509
584446167
374809811
801135614
783498396
839076794
564703020
232771634
765152456
468535000
417277
436797399
194940406
743830496
455887317
183960936
7140964
473522032
780469821
892175574
884693071
216410117
10163587
258967820
841166507
735312355
135894415
999448851
413733721
973186255
591403225
975346442
657628942
32777377
388982549
834759792
2061036
171004848
629381699
265660454
866736422
31246149
731238558
750227213
319114897
306422436
314510281
968349705
326209421
267644426
844033904
636232458
961746574
255512616
338029083
97326991
74377963
476878434
600496025
364308551
869421307
975416874
685493034
962867762
872219050
614998207
74924303
874610291
176117946
982906118
643012720
761965378
678208396
134096292
664052353
990407890
831701695
545683632
559900211
463445336
279591518
363224605
116803719
92460290
271206409
234745108
879167438
764986457
89476874
695976540
853259334
665480548
148462873
105406781
761067015
352435445
521123192
983747862
834235103
634576947
679081188
86240715
900444961
484118853
283742732
304541486
992479438
369487936
77685728
740184184
768414057
208479461
540502132
750287731
255831415
461368237
304226065
68265493
450598272
15580894
339850387
854329974
658619395
291348330
281287323
90709820
457925912
597975084
67400980
621945831
648091978
769674989
549764685
330357268
13043280
122545720
130787649
371307669
791653007
152573079
121562795
324321640
392938679
309662599
113577381
850336532
529904340
108482702
354282183
66270549
403833512
856048658
246058400
774300609
749558698
613611869
56013532
494948062
202352513
406672766
155044136
437965847
983745667
104631607
747729426
334446147
778989222
397741126
415815897
535183077
565064299
412538910
120857310
179184496
963370536
743394791
877462304
865329082
546378373
544663994
945044824
771528389
282838670
527259081
456994111
957205612
351696756
31402071
255455288
721021140
784297047
867892332
413289938
324703085
965593758
588268342
586634563
478916415
416266471
54333383
183046932
244026797
488117584
564066896
421527576
426553598
255867081
729568090
473219991
925745322
554085885
305683875
216212004
365083109
631828172
746671037
760251795
536357190
626439107
405764196
323786695
980426588
6575398
691090835
790154193
636320967
432678800
916201866
469420881
744017077
860156688
335157203
879983806
595897190
700131968
641124245
397192978
305463563
193050047
999587517
363692193
802154546
385524778
774107172
564021867
583692968
793100178
889142736
933215913
765253161
931490322
607643297
276712081
765922392
318681359
89357496
811732586
908372561
910138076
842826788
915783868
713741605
784246863
254284057
872258052
151097438
816696386
843416895
593555352
626261063
327258095
204036425
523690474
559125780
127699844
477242396
513656500
648212613
251590350
226797392
334292072
321663074
459628030
112123393
26169883
103671198
923353111
137978749
488660253
339054402
778943832
29101067
607983323
877057234
886558417
14529920
99857016
132031295
757261931
460363233
310938949
715433588
773441721
833461035
872917154
986917404
787321404
574995915
764315969
747331721
963355012
212714190
325159007
52439840
361329938
534241147
870979057
500003415
743475434
760775189
842738234
854011871
522055017
308353976
984636944
835666926
279870582
527512598
575021813
243687858
180972876
625147947
76636728
37085874
480143216
273519658
53706059
734104705
805334816
489848751
852301086
628699522
862579029
313700788
977274251
217376035
125505292
322100571
416463875
535484597
352888501
325086515
423969250
702283914
526205450
629573344
728784917
704428155
245417875
874791225
749671911
11285348
255813346
213301993
777303576
556151920
571230125
383768944
851007419
608528751
849384863
475830924
469417300
217799822
342387182
603677947
758459643
274902243
585539675
463818293
271694295
281770160
85363267
692653071
45080981
882721868
301998465
908828222
488403309
310426878
31822516
766143878
759389963
526122915
433991247
986638018
237186875
893105944
651161051
773987566
548851143
694954314
236533218
475766671
640036017
150363332
791029243
447256537
132823210
941451535
463724714
941237813
104429572
439415065
212004897
868389145
112830781
797090749
867079091
381255302
989402180
500622884
967552209
711811002
870706180
288967448
171493747
76825889
86834934
582668777
120391437
389222095
849358727
503044338
588739945
646866647
464043729
656567475
548566851
274184929
725135826
847093041
999509220
330534885
953471847
543757814
414360998
562867533
378037965
951284917
521137936
254447854
423381012
369188938
437944606
804240075
70535365
185308179
933404855
241025285
523009691
246259306
596997561
420632909
241596470
990565149
138350184
136544280
924394075
864056793
739649162
992077570
598434871
863496716
477765601
79831950
471484835
917307166
620353792
587673478
318034460
841710614
158884446
514708977
914599840
387888472
640383268
751921641
586539209
452451860
224191954
479427856
181140754
890748094
869640125
193386634
118961816
512865283
342968251
346457991
708190903
181498987
928072031
80244730
688937367
189295709
893394206
130412865
73262924
702157644
424351178
888423101
658493012
422970429
471662038
298669062
610285069
297005947
170311000
427712111
639621247
338277045
232625823
352985597
316102744
883150458
496612183
302957074
363167113
816284133
579527945
10140322
754075905
853115513
241479545
929110706
523625712
316439804
489265518
598786653
37282999
744253469
562076036
347152703
621840958
509286544
817969749
124877368
284563509
336711728
924803000
912424452
455252088
557902227
203422623
49568976
354200854
331842770
917582184
672665962
689456152
554797706
693760631
870874015
888067995
706083109
583640846
890763526
615705960
978832923
663436465
477396699
692929760
378751444
211422666
625045883
37033912
330790523
950279202
880266483
360919205
175004175
356280790
309916343
999020194
933807747
492835518
301375784
447847966
875834828
855632407
465269517
922739540
397895180
393586175
547450547
170501612
921082381
670940762
981138522
15308505
244550445
391076826
451126888
144992712
439318471
42302491
433303195
975493127
570566590
567499819
185984812
558066558
580751710
272851502
633431816
689802688
966437271
315125065
484145791
141972033
711294976
98899682
640669762
828010671
912171524
780746619
937249951
13152565
361748825
699385328
734592528
836172913
454102409
709224237
777344965
658823233
520240627
368200465
814776631
167808588
594017336
651582728
311397793
803549253
527302890
703656301
4124579
329544205
177868109
390866426
464590605
741250022
341899093
149810909
687691369
976606645
61604980
207653447
475415774
390588013
484594461
982603065
611977491
999443535
476253806
582960265
888292135
923168786
352560935
380406832
328312371
501108579
793445677
287571641
36278228
127571006
632488687
650551128
552196760
835727206
655162851
138890424
141035637
881507530
698057246
20885080
511463487
837189685
550459851
99536758
221960462
965375803
703767643
82510198
9286850
951797345
13404605
889752634
563038204
36499195
442469177
987309076
515398946
104736421
28683305
18297815
798496009
108124839
897417508
884400706
600389956
387892045
278595378
522300506
481617583
833800269
733748373
616170609
582903657
267931264
873546771
197325007
589002155
699297460
362743926
348606359
624780503
923073415
708119775
150595180
485567579
173550768
194905622
262782919
815086414
854710788
282180727
983461338
114708040
256874771
413520682
935889186
982584850
673447237
923721736
784623895
619216101
355688973
189698221
871146487
854009292
195888387
141316586
483203256
466884541
288810910
740930838
367787310
877372122
588954070
598619694
285216030
990702374
756025410
592733225
393304290
901022088
197382021
523751252
666145971
795768399
292963548
955338399
550280838
882407086
927223935
620546938
514385288
853798155
616371053
773775837
814979642
267215762
655690986
743480275
410869544
140097079
330533561
282986127
105487137
628181418
61800703
149900682
354135434
785331193
51400724
360385975
715532964
590503994
427787589
3244076
751679118
80762566
946388032
889087714
747853968
110713914
60572637
480362892
457375164
892605906
557225008
748852308
640603885
876506676
214996893
782411654
67586245
82402284
119759416
111630213
858033866
297843972
729563506
228240249
882480899
405042188
792761395
584848664
7658875
564007284
789004915
512710367
258421600
582532271
400034360
624560975
621315498
39339485
801546522
217160731
391383767
333568240
5842124
950490938
780380875
449585096
679730263
69276625
323161349
819713448
606619098
688908375
131849813
794999971
937095438
439904301
901361688
779952972
558476313
537582367
837191731
647777052
120158643
254851601
894471721
364969257
218309062
558275908
918032202
403073532
158900460
355493077
366566612
195203373
951192422
257545492
484274424
635564889
804513961
756767231
907441963
15278449
241294188
637310611
278730257
201695751
821405541
483473147
664746637
946703368
91006490
156951882
544308011
608877262
662225658
686476244
256543511
260311871
226320620
36931280
870199980
714259396
58051294
781579408
414500894
604868788
546317227
446152480
765571911
569008026
676168452
885403403
740384608
986966030
922415317
534715132
713795245
315582634
925732487
677753277
705735557
998538392
613522257
325372653
672334027
142136546
719876418
320267521
687426952
55031937
899080496
60444447
108438551
133805119
946555819
103350231
609118449
129144095
792770484
385256083
768906713
122184830
761642020
674251479
513210562
128477175
287392686
276848756
6095150
942002029
741035405
336808623
2508242
173110261
748062687
678076854
44965585
880859880
754883650
721672969
911508563
301871645
288114692
717704346
189102584
649444391
307783690
3981401
783476536
176378982
230513649
117918648
800678803
380865940
715847332
596513533
19045366
563774458
820035596
29946082
911985332
997382174
591453511
713929008
592508299
352247866
762831965
536997765
766992624
826895283
91578985
761310052
274585223
545521593
943202924
905478612
983980263
958529841
627575255
650846316
200680035
92601267
976953052
55672171
301354855
615565604
132571156
380327799
92556322
838267283
9429357
60463242
828973079
787117158
92778534
228507019
386000139
985449764
298527800
21984310
960287265
756649847
25263908
703132116
398733576
796997183
616423062
902780529
45933503
908291909
923183280
923563521
152091167
938794856
208355641
279793372
871706427
99201517
437038881
10862865
710165870
472038082
232300094
420973686
861398976
482499711
471647616
800950690
810681562
509935949
701803682
227312996
792211147
241876631
564921948
799626891
173487580
984944121
532543677
763503833
951569309
151717866
61639308
653564306
458787486
748000649
215085609
736879609
695055873
66267324
633359430
277610870
847806576
763523534
611994687
690114072
424211036
308855592
48983026
904661789
160017582
309012525
227519296
405367924
260499147
177561435
431211076
656820120
583480911
712396695
82816628
578605520
317847482
781781298
373264711
731367346
117038174
47384879
473103415
979405040
290906478
605904374
893122022
480588410
855350290
754744378
630115653
612442023
941473091
822817876
378785733
290757152
894258162
367468145
125031805
782844828
63364574
343576680
147763407
971445822
338127137
622508946
985075008
766124399
346926848
281598495
238473963
312418578
815640063
990030837
789255595
999702069
992981546
833658233
631397128
191872493
484630201
451934365
989323943
639278801
842932069
157331192
302662086
601872805
600733801
879695514
67368452
251451376
88421908
5553375
643418071
700724223
8332189
42091269
438106758
592524436
9947825
615762225
580525552
713497145
63906531
873431994
610701422
275021900
977610581
514571385
425562116
75011497
272496441
256719230
259195405
190014883
807951173
537309527
60779689
152795189
783346125
70639604
337493735
861764770
909375294
833905448
659995933
825053550
663549780
203451457
597773754
487718877
324898346
281669611
607083940
659568416
280203220
416400063
701178879
571522235
953890273
990061124
870163540
106426083
261560835
829467897
845184752
949656096
716500751
459111974
490170615
7789527
425236767
549391348
928665264
920856282
352163850
827101297
791180298
478399260
696354235
587122150
375141150
670165183
123806380
368440731
779802065
835985495
556823722
685215596
473786781
774191569
669454326
698479807
831999414
183965303
571831944
47868576
741632826
12477046
834999767
369597253
291440076
122392917
957621891
692545205
121141030
90596174
920642868
754857758
804329442
793252000
483782626
390376671
715444484
923899244
513250899
887604147
815424917
743222908
279696606
830860225
386849931
781267319
85101892
502965669
96580272
339721183
421533730
878177529
674491138
824072848
952844092
757607503
214832886
605344302
860588089
437535987
28403063
511974249
603955156
484971304
626268333
915692603
741730525
578884657
532168214
574420597
562297247
101746458
932055782
573676309
89901140
464893994
842131656
232372719
783233725
522453062
557705613
97136753
709301013
528289196
541151307
665938926
698352674
962739008
173208249
894445391
36466159
517660758
347562141
862387422
48812618
334301153
124689214
439062160
580717267
164637519
661998192
684541473
779369340
169466534
673131695
32325768
550150654
768833392
46242562
585257275
601751885
682549483
702845438
677403802
273945897
762273547
906380137
371025670
553492558
571011320
178209473
777636428
804972668
317004828
443090311
83799391
621179518
554045896
961493328
43822528
23089867
514108255
546200725
519761606
602362780
518811213
601607411
437541549
704995030
451695928
715271911
321244703
41736209
104935868
310430976
398960894
896449278
639864791
262356261
558780500
452083725
517649876
652683807
935162410
346323710
804510866
350561804
751184245
374521168
332858241
473122441
993098973
893184045
16636684
49359383
553499518
151471847
968128207
598457630
453290601
134573618
900430829
425773851
813327055
625827124
95921030
607284992
845532324
110941150
84937371
203816181
407333389
171257990
954630964
573225431
447190059
296347633
541886776
936412718
900421587
300697314
152469915
386448542
195481701
618284860
920433192
898194663
839398527
306851075
330030097
964405260
45684413
422823350
79425294
891023071
115489437
442089645
79678051
815345692
602009392
293477580
379131209
567437037
540321735
443300575
284753533
895636579
103220099
326034506
844249192
925981882
918236519
44454969
392618275
429295676
423961388
443825435
353968619
339038880
617278372
805382962
752127541
142921904
915319765
273127825
740844803
946721882
691614364
568286353
988458900
786148797
917360768
761621482
549088968
965836239
680706469
336289150
495767672
525446325
611350743
370380936
197444282
814195028
59177259
735438359
123818160
763057541
403536863
8093256
475142579
133748224
93401914
181685065
385871530
712270071
188778274
688273118
97161515
898886338
921881758
308364412
115105556
545539946
454647684
739763862
966051366
702436897
454518381
817153567
290003938
137843526
293967599
794810512
578679177
765275165
230527300
768868348
585812565
679440188
191775390
693627730
151550354
746657512
299802986
918491175
142183272
248482094
932175082
64722123
183446443
454369745
362286899
679362025
170881010
1940678
287177761
982122143
563505691
193582287
202527365
999159141
412084773
148901286
569633984
956853853
800188227
45783318
24719833
516907523
775516950
666658678
8144767
943205443
995918137
974000347
163847984
35982280
163939786
601890468
47440641
919809915
726144635
837627302
2168650
207678126
752531717
806247073
997270855
820209995
539632494
832400658
74006260
226480566
823103132
953411385
202250246
219979936
263600007
956770666
671613562
699112313
902566007
492824295
411521643
830763
244425424
361392957
61894909
406884803
27950441
143223476
399245089
345977558
368710285
360622877
198944011
122232100
557609452
481436510
434645805
614276108
55226604
399621754
936943441
60085454
92347443
170852311
640250424
542431457
272989296
861788487
599513410
755216462
106728015
802924576
686258115
991473756
39402288
604647314
193944563
891670713
356107905
450454060
504100823
427619162
893422356
924856455
165074726
10876373
910299197
310518792
858295998
211163801
153090333
340762898
456193933
681788591
508727461
43629728
85831606
764915133
89746216
758658023
655258536
918147320
754953716
891917790
523699768
317375296
948742372
72551824
780440670
339172697
425751672
982817517
225418201
784859594
788846455
572764108
976878005
761670280
535616325
434952698
348498106
619575845
858656894
707928600
490995064
631922869
590356249
449937456
179032544
780847176
295998400
261404395
128684174
582192554
496892878
411132606
727662617
315435434
323813575
868039875
386319334
941643971
744942435
798409659
605935476
440944723
490809622
99959350
217697439
517057011
147477547
626306273
310168724
602385318
629939781
832787739
808008284
675030393
671624794
594212657
726735812
373678113
348638666
226107150
27860805
752593768
506196722
475119015
709330214
83832015
230282392
656913396
847242406
784828394
567174920
977349435
121475071
926723984
10639767
691641386
987179274
681375450
535593169
61242088
950499391
291889683
932923506
815735729
996671057
317397709
875385155
881892048
343223970
188406226
203458451
32735236
383495100
798294751
807025008
742871442
728494850
332308160
715059337
786882055
184656654
922244842
998790354
584312409
800922551
488022729
40457893
638270197
195366176
801376886
281660952
657018407
144627274
738669389
783056432
930110575
596284123
507945425
399335377
587027385
795931625
324004208
985357754
970673541
623032983
164815349
491293216
131928934
838892937
344988112
481550760
471852891
795331525
746036122
652256526
921065645
524010309
969115508
203270797
636530963
960832725
38935602
57999146
369476566
157646345
710252132
404395614
178700763
985500996
738566307
879800385
303469722
204150151
383022361
22001623
76563158
323322638
50603906
22823821
247799539
778476551
677135385
121907822
33111752
949877352
751320944
285242696
78412247
592318574
784584876
495208537
383868892
684261210
19129581
928604636
857692623
831252179
255318117
588077739
63026740
774894094
740902449
742864
3654608
885086528
314337696
953246613
15260085
876708009
541505854
987757474
838930713
845761448
801628234
172048027
696182854
772344986
563106487
860363551
676314904
447545176
768246342
201650274
535658611
564959326
327396209
307103253
70549685
171649438
456488278
675595379
291652407
44269130
28671050
458050292
922678676
260522104
685190518
746563958
850825678
464069333
896885807
91297300
923511909
814551472
921024154
528285880
541142993
116633631
772062779
654936746
21569118
692531507
116964281
249900376
83474809
837657133
442474615
19215183
738473031
431860706
711764797
613719083
271270574
525406730
554575284
775490179
843403934
853305038
319401552
21587416
272608350
16423240
711559871
524129863
225928365
237114507
147183405
771863188
674920928
540326464
394932104
381639363
649771769
71043418
539456597
202626711
299379987
572585723
155537472
729575192
30942614
268042883
854256406
651690662
388874032
328590451
605612277
994241619
271018524
792533639
690996464
234561995
282543680
299853174
629093873
300461018
723273672
122586317
245857450
295542947
751669012
3020047
286107084
189714698
714986490
438714223
906842526
755561982
186277480
926078933
870731067
756896078
450662334
515128826
909185058
434139978
52405540
973508764
319696783
941172618
723222039
444184555
197842704
474454366
895106110
685200138
707354559
257815803
719493832
532621544
526734465
258087884
685783735
793661074
475474216
371993702
460527535
328162136
722900708
541530248
755740545
939539788
534049519
858482350
509199061
5314995
848723480
29679859
800888680
862239561
410326926
9538337
785612517
656793504
249431834
793752315
682518003
682350211
234755300
498897015
673724488
539611774
387873280
438292972
44391719
578705482
67070639
547153284
184385658
157253437
168594290
541263171
53785376
280616891
255677434
771308034
172639957
551569262
538161392
633898664
671909541
809536078
286811896
89040828
156945597
353189141
69689231
86102732
714592233
10761315
132874940
959458089
437561614
83618207
749372065
717388119
180383101
181501717
216659364
549170769
290897630
801849643
174371395
874982085
132567518
920598960
599696465
649443438
328317850
473505215
237482583
340441574
8692404
342315593
820186887
907489660
12774548
793355535
545737024
698047719
696271113
786790336
139192993
22063449
519059868
873308699
821013815
222018644
279349705
525580951
495951680
902152381
750914699
452642648
652602291
457092756
693843033
566162474
702326166
802028160
605377082
21415745
290391725
44884476
410194689
456243799
203335062
198033419
768818309
322618605
836424471
932490514
68978897
83510382
241780459
130285881
212671001
53275232
592329922
150898411
720923506
85697554
45713755
400384402
510702237
143780673
744123781
460648429
473925617
829671111
382706985
171149173
903495560
583394814
362240616
259908630
732954983
170737339
541820223
529644700
594582883
626776947
553845494
209742079
138806821
238698021
844179387
333375083
973481969
656537760
107135922
130236208
770336089
149891208
126700689
95283271
138180185
512349348
502516694
741340023
1440817
224058875
835569736
192264340
709438050
108875730
557419783
132910303
646414591
409376695
401344408
869090305
767839886
646451453
564109529
933066376
251869428
660559025
699936642
611201097
74401530
422702639
830747280
881583055
562464321
951929741
216435662
635131138
421890846
462047905
888805874
511146382
570904175
714732753
971427423
279215508
476370741
248764801
728944740
432021374
875005423
739014006
865440066
614550848
359384427
221131312
111168632
957867188
402654096
765477522
788925410
409363958
850238312
92457740
997613685
176180420
473019705
947868571
269218462
562001880
977842651
42970409
510063249
482484497
882493521
744954614
837380725
856033795
578382340
900940961
107288825
499092268
340484606
777891915
606535466
451573610
595264551
739484990
806241950
177245243
976851409
668070906
183544946
473922984
222487090
436246791
965191426
783021511
469736750
17750399
141340058
199981982
673023924
459364852
190217993
302672167
243615872
670611064
559158814
66921936
552579324
41930362
373510845
308725293
839809008
887132122
874961297
951167186
281893501
633719976
883287120
728807532
824040667
126614609
143320797
737054206
523721369
667472431
411539268
946517715
610450852
834872051
279500831
681548213
860031495
822582600
376807341
688047681
379992990
38230804
507157767
361210309
891216990
56231144
481890048
324543517
148115189
483046723
816706691
77734767
969408885
836512648
156099046
792774547
257011148
717464006
123501572
772210963
991465663
697770382
790683195
108073850
134048157
182845485
841384232
417876416
437475419
474722984
718641484
126508754
538477566
818581703
125145404
450209653
701777981
932404519
396397469
389812050
191115562
147884300
993019785
559318487
952272687
776751214
401357836
456479497
356011250
267816123
232076812
755826413
919126317
424195008
506664499
838991689
47824449
1935779
278941449
62792037
429230416
195633889
433963557
734804775
79553137
365887569
406507440
838287874
296618129
1222823
605882211
948141326
58933825
787002890
820708746
28208600
903617393
39255837
366457786
240924323
158645273
607901812
66896286
297916837
971176550
779009781
25591719
990405445
150381212
847629725
966489296
145892703
369263844
730905930
657371005
486593628
64841997
508361133
729385418
11806986
367122848
914008303
835074138
549514812
897613057
726845667
793112815
416575696
806360630
314929496
426364051
439531264
897581997
274900978
914148902
9731733
258879315
387671267
365766876
984259255
570483384
814307935
955573045
695841197
77935969
221188699
338012237
635530887
856957985
62352642
533491050
483339661
162982111
93625793
623757356
73752462
19073845
309451706
527082257
916701986
209209331
958217365
752840358
60467832
478948162
249348958
576914563
325160486
57799678
969261316
340492407
10192398
270216469
394332021
273900259
170961150
119170801
348654482
978427129
714521557
689175038
930747259
175234735
855786708
842029882
136422869
189422479
624005731
325316240
640318765
314783656
576922381
941415289
561095705
148402858
66507583
122151390
840751972
814802452
7642473
925994362
301502496
593344182
459352236
890470587
160231856
548286924
400275711
648549299
192299171
178644511
677547938
761678044
108783955
413338756
227927196
950981203
854936937
199720762
118344637
881680597
347265016
807103780
871751158
205695441
428821637
331325749
733775328
452514063
186812934
215569066
392973168
455040860
358526088
740889108
966916674
680756918
859314230
983030366
399042923
764836707
900363154
955041076
37753870
301287993
676187415
483513934
973414979
401793355
432676799
151145450
168740801
142330213
881732204
241088965
321857641
831379678
619600702
236250636
587298026
936193124
776289967
84943758
303640227
432913214
642667376
518014610
73995997
367744957
240642487
235499118
755280991
718239609
23742312
192921539
121840577
312737937
47311656
408320210
991058805
158250601
528448800
1178221
451985812
36129369
470856145
895759109
511248958
437419456
507668967
380884114
721472118
265825324
40865314
476322589
577228155
352881725
522355023
366832223
491239111
409323199
152513002
354845816
643493292
781396377
375931831
413953634
330738036
541652864
142064153
577297651
117757931
493867191
724641649
986939701
349932762
560399356
709328236
937246896
666051105
201112333
280861137
650719469
982712224
790622180
735705863
881137341
744731279
339382420
23766364
414865916
835065093
923873678
204950788
537586777
728781824
28133533
50756289
692779171
478046249
466216059
11150874
404983473
650267870
546351655
613736752
208521737
479500240
239811283
263191376
83867437
74737467
369669205
491988024
512533691
542036244
839396386
485945256
352431528
406446895
16876333
127476370
660884628
821454774
122392779
980793760
630768760
647462454
446206061
454904213
119012583
255484187
241438660
985879906
717948511
590527331
917299482
605043779
381877633
343866640
788532905
562331032
369339854
414993650
659708196
891940710
348702124
173311528
561333289
170799077
184763353
288707873
535445367
339682201
363496363
417247613
865123931
832590296
786483076
428358177
304921154
639768713
624105989
787485093
562665881
660684907
940124656
26553416
690370451
218287248
788015223
70585511
221722770
807248595
354705375
224735980
651715921
930914669
558385883
427076702
898586248
423452996
111200449
219920815
290077523
753669280
300301132
406804673
225831017
977226540
579813837
659124251
3854042
224018413
476519057
604207904
683593130
108522945
119431898
732757222
253445636
910211466
249782926
795528930
683006299
928658374
291424411
993953970
180924117
201834460
844408888
477765797
385891442
538443812
59104623
718380313
892176933
900555160
145794282
691538397
167724126
554207142
413095749
291110829
738242377
971336899
787271170
980532145
527454488
931416228
724574076
46953244
435878948
635648018
858911501
45397337
51328147
496873612
477198255
799429701
103734887
585091542
10923265
120264495
123292473
726163798
871152970
750443373
670180730
470605639
124848399
308341028
772497542
854739061
434332423
317918433
870755632
982954997
497937513
824920639
60481809
123606248
492872325
831620362
593717013
22952846
615245806
880360783
205883415
663081840
495874054
399023527
645601636
352474836
204724266
719117849
355184512
168857414
175028927
205682864
253859347
989408101
263097977
47523891
272242045
606685936
83652996
325257570
144735824
222561004
772054217
555541218
103210427
237223741
744835828
60976476
382533298
870693063
44071186
660360658
134785564
329641645
706455301
988226954
934410459
585169893
803569156
14722183
224574046
763003083
986096513
567855679
876089485
95662103
707267620
96256684
625271538
552115212
504901224
611305256
900998090
163972553
300428755
273788833
55974218
548260821
83998759
394983959
562004800
893097100
602774457
992587057
433424697
78832369
969095943
826737754
141780081
751976298
260177254
490436563
584888336
602280058
595987325
137599221
763887091
240566346
916245791
124942530
257417696
461750650
495770289
644333550
802624145
934439193
657420725
734282118
985231538
793680941
739812494
450809703
760509884
381956069
253575665
37853468
334325649
780444935
270222904
647782761
933254065
996580239
747708190
430345358
883102706
363741508
685393286
656756844
888565667
639606056
766602672
484171982
462529148
535614895
992084273
518222715
906811627
201066673
803910542
756449671
658045763
37849290
77454565
837725320
379916704
835214603
849044364
654192820
211535752
860085305
789991713
231858935
55143045
930954476
712303652
628868404
614649540
601766179
481886540
573045741
713373867
507815126
220909483
352270132
313400133
215813015
638556528
121754359
792410697
372351069
441212838
588722007
517520987
351578629
925352445
943271899
130416583
225025032
576627492
770916451
391080117
561089569
734219407
98547255
503563828
709881896
176999222
611087218
391073489
890691568
713077826
327199480
447018003
413404834
212213157
404285949
457596999
666256930
464500235
583187467
379847076
947553926
493267813
867060667
151485027
628292987
827251634
550637074
125096886
778763815
879748663
96484272
517920896
991878124
561000650
151865585
57254906
701465651
44891415
92582270
449976226
70619685
643425513
524867804
559867361
440100207
991355631
728102211
89551895
96649603
278314727
537951365
284367840
306474612
931676062
604349804
60608941
863759335
36639691
982456005
608183528
679761502
677510928
933307331
210321027
724580460
529699608
709722131
204200750
370882191
406150999
876363988
535210985
844153339
70758653
796205678
86604485
169375296
654660294
243285818
391881537
161459031
651200816
176724094
480543384
880684227
536764127
291358810
164811773
893939116
28033382
541186703
615142447
293502901
805833173
620084056
143368196
980417940
168754952
394115639
50871750
5999990
187382900
841655257
529762205
390143660
430060418
399465285
135008279
515707000
618409995
983163561
111803027
801930501
587475426
428564117
951306809
101071747
276616128
632538802
45246977
997462871
397706551
212367516
24976468
78883681
188779037
422134447
847227821
769003203
242121343
994819963
359463101
987443439
386534588
915270965
671933902
444575516
631704870
826166459
754767740
960213872
710879491
916089238
933130411
574875994
89313288
320868876
261437071
22690949
873572097
564718962
989948811
467889410
753099017
77420506
818738157
510514490
283462741
423418194
882528391
349543862
659705840
224769929
702859811
738586893
281568808
439004749
343770682
786208900
914188820
804103207
435870396
400673935
261788059
165644189
315675897
276033625
370055768
727568277
850853885
149806140
127033044
787013386
553289502
807653795
592061384
387622382
226760765
270990026
414190379
420090169
675202499
576810814
91212819
6772582
442300796
268147507
134125145
705353469
853533219
922220601
874439705
34529754
157394702
264491887
615772472
332760473
799085388
660401507
655516812
484136879
654574670
565840354
556145074
829885658
645650282
764077208
591810346
59426312
291015158
196043049
803823808
207532350
852848878
12984153
186039502
262998522
962479379
726580977
306417926
414382171
433582173
778142923
858799090
231800473
406811117
541975984
502527000
927855403
57519384
267773058
284497339
892104319
790499452
350554449
893168822
201141406
563586864
466672733
904201621
90351999
734991472
159377955
514574544
657527946
522623929
508278100
799054327
459382684
684173280
766505641
523525926
37455470
799428467
524454157
386845496
354269325
523088083
136866615
2056226
700112138
463142223
292337064
491985372
272631130
324455304
757443345
477028597
57797298
158935277
255912832
540495183
740349516
633653529
357284261
286631181
990901618
871868713
989247311
41888628
212223967
83507075
162562157
371437534
439836021
783540419
303972593
948967578
841987901
937360738
402506441
347500311
40631059
706641913
582073466
574380226
469503896
953034348
128136174
740147274
502653974
402070644
941822173
19046716
101628365
584374004
752618473
772715847
783595890
564111948
673402951
169131592
697083833
219118528
8079167
850647585
305479666
956683386
443134130
479782793
150500012
991344667
584563349
699020672
50540454
133701749
492453277
918871750
434363100
177629674
378010882
601978105
369995477
336055455
97737612
706959381
729019760
757699337
8352301
603639959
796582518
435711158
961823556
515252937
339050545
128747885
251129382
338528904
347614972
126885315
172849475
537761545
936857566
688719783
801424835
242230495
318308296
574623192
260177418
329250826
754192832
728577132
969054593
956214710
482479565
975436339
178460425
105391100
190387102
700642420
144015661
414839752
893984341
714307852
339460223
594036694
283425686
505082969
701848554
422874089
731663824
761737712
422146553
140719637
693383987
536711604
890116048
117303936
809009086
758944340
853522846
741271407
154380443
546349647
3518904
439981253
906865283
710347080
181874076
779736377
30813780
240923979
823490020
135796903
601429264
760554967
612365688
849576509
711828934
24535429
580977553
193982697
826628344
855582573
60033511
787536537
495438310
684313760
949420547
200779014
304387235
676956265
52150249
322575925
608847092
622897188
922814001
707670388
73515319
623215233
608948851
880447958
107545668
850881393
223246403
855669204
822879909
786147136
609659663
197325588
817826518
201875605
851041263
135188045
71893754
955431994
202512118
165106741
619102694
490965176
90903638
380530024
579732728
342040162
913687594
879438753
748935557
10520224
531981151
616323020
386158065
929716341
934134594
538329979
635285722
640622043
298415155
153612835
221934375
304953400
838072777
462241080
660160738
37070264
255985396
365691037
463569318
835657286
559410515
53881939
505764539
229997444
690482823
251405496
403838988
573054867
331206411
320498511
746988789
645758027
486657898
107315106
721381194
889625669
140298888
687646566
320530310
496068904
287386083
146047254
586451859
4235652
737278196
569443853
458002077
524163430
316026484
654885287
132999045
838690906
458544762
755827826
553175623
780648018
684575106
451197186
405008357
792077221
465290338
621597832
378232088
348203732
141345162
130738708
21138377
891773261
578824710
915792514
549767436
819283010
741799670
612324286
565704660
694977033
388637912
857844096
530289348
226306877
792647272
271530867
537524256
775619189
407373191
587989005
706989023
641852945
290616596
42207293
33780431
737781273
357017828
970066440
666449635
595970240
594236260
502219438
486731501
38291150
5640665
137803805
466826221
263240150
167427379
389877415
954852630
720734093
2876338
602534006
399251786
967068916
645331421
446446100
629589353
993285803
658742891
878013405
600179593
826935534
363029062
724035701
621911029
520863858
866420698
679591517
643271929
146486258
560331443
990805526
546257803
514439097
820977530
89605055
373554260
326747802
45390951
136297208
629234396
911927093
898819958
231084779
436126115
971306365
834363687
823028514
729669610
801356381
146237142
728489543
488618553
123223900
719406146
4674490
181971283
222365214
730640778
314629401
887241218
957384119
76044645
701813187
267288776
210705470
4154325
591806
909890196
32920565
185419847
439639463
636076109
600073521
735253459
144408202
499415784
880599963
649759881
88749180
955782702
782403255
58384675
230136099
489354988
861555720
554304587
867426811
836367480
45920921
607337831
935324820
730893190
88866392
371373357
353307447
746979205
933299419
519663270
714145538
199102013
900817538
839741969
402348781
417767841
942964177
498716364
880829980
629248475
411280998
762514613
888894010
330546912
438434276
779792799
425763427
647506925
970467937
71106625
715144968
629644349
313758338
393296371
617976899
987951138
22029988
100323670
976395875
33250986
200392737
156850113
836322135
756422859
772743384
428559427
90844267
403499021
989348896
307732710
270424312
639253253
941859460
937569613
100376038
750753636
646004970
474373642
955437617
144564087
832982591
353195825
752020671
864320502
762459207
593023419
115811839
488606382
940581755
275896028
28372600
226253256
591994171
259074364
669657971
188060981
146452219
480528094
869833773
936834083
862058764
564760879
587187674
927536370
639916893
269462984
584284447
73203435
815328836
662536547
957206861
674356591
132646829
243507014
173225305
912615558
165481163
132242512
452555101
156829486
34729612
422631823
798999140
621010019
459983889
53783525
54779426
250456197
886721021
499854514
462158940
388391601
757818554
870292475
142598447
308401256
519730675
238932831
420007003
890805015
396763849
941583774
590593593
240820664
516920926
435909255
642656409
341367521
651524318
812315667
257200893
369532624
894357070
923077364
337775780
163281856
853777439
388131118
985370198
753730574
217690011
577530851
34787392
959280076
68379121
134243723
724844129
524162080
577731760
968483286
843596081
825375930
73031288
663280643
184039167
264102255
994650943
988655026
966369158
466493933
477735661
700239262
870626636
178124487
713279458
958193902
707195307
207668331
391143883
484061532
655591656
811014091
453461248
460450501
727765218
88429758
492111002
740811503
473020217
71569990
776145737
493352156
947140498
349310537
635455703
258047771
372418689
174766511
513439089
465302120
566842483
968431969
950315550
377808204
761926824
919459659
652557186
988612672
143136266
909160519
951648527
238501004
991781919
444046095
243701649
768689517
880171660
802698260
348827534
324847087
674287988
201837451
162594885
293683104
943375711
995677883
537446181
682281431
674022545
508286992
365475416
927545789
502775888
583697703
320570634
202312952
953216359
555457744
903167453
406625531
588910074
277087678
892022020
309423916
5399411
982273856
825042617
909078461
248052624
877492566
490989232
436584078
532345735
272936351
557036189
586576712
706882942
200708938
569011283
205308163
307182522
856585321
998441849
931065593
367999730
439971407
464551684
82138147
781840361
489895780
913526415
504759212
321239334
116503283
71892585
175164969
705767053
380163414
157266203
861881471
401405878
200265907
590532289
769500918
949911881
939765784
842260736
507111680
932520989
844384673
258671019
428598479
168603147
811114820
531931967
896261589
564873366
447101147
952069915
521119926
347302581
64740452
98050073
289488174
692258259
948303582
77187478
497696078
217251012
427029624
29643873
420786450
279912984
185109548
448520297
268887841
988749632
550949316
523968981
469679189
469594163
222727403
190419
238894966
719938058
194939444
890226459
202977259
512439543
260986437
652845480
928576196
579053702
119575618
387856083
876448378
84833213
235780949
240339556
56725300
501232717
452110316
988476803
911610185
212057874
199052857
822687954
765783368
742653818
197189929
884967920
3051459
733764337
986473153
392183072
403912517
548476395
355943543
628761575
288419663
17094374
856051589
764053523
795647474
683630289
579442541
86683250
994102136
617314906
278911670
551609305
5702386
721621070
29696695
454990315
425179220
801813844
918738971
962093107
316917534
260952240
537317815
197305559
766736384
709809096
560476765
852979323
521089386
665710175
360317507
673311326
609650056
118516604
703918889
536437053
168743342
305213992
209603632
557260828
201481425
435400063
202749062
264060961
95313527
146913046
424636796
488460860
855822505
533409278
213134089
528817000
627937443
937337574
730959577
286504484
869738817
594864532
914732234
403258365
776685944
159999203
463678717
635393114
20234769
56876717
675774802
27755442
236816736
650192048
481229947
456424324
142541534
666249301
982277372
388106005
672092195
397378125
918516072
846790935
336368208
634442686
300392535
393539406
130290
578194924
193905626
681333692
774213687
605700297
633578828
285468130
416568065
160593396
129530130
155959941
775873790
119243003
936505843
785480567
223345967
908827285
856600278
336901532
248755879
932821673
938888630
570985325
236090016
711137174
801049735
507125375
64531553
628144927
580415710
940582682
713255206
477673535
610913912
474440052
147754494
169616517
928384930
250846267
511829590
532501257
634205320
844967640
482899631
658970570
336140846
599101246
733354018
379392022
754777107
331673026
45278231
531076969
930432472
480705649
313599180
122825740
976129418
424413214
267893641
3791566
514185641
180940811
309997347
373153056
27487982
442599836
360044640
894059971
577612427
113361589
103961559
260765063
153924245
223158377
999542439
270120009
350069770
417457012
613282318
843419939
90783419
574988004
733240981
384220492
48403683
566586181
462109150
930658416
106118662
686408306
596770215
625781967
714122321
469480696
335286482
515966488
275618202
693599930
861713788
213618463
258357121
651991538
331053073
290458236
86368643
56385094
362691507
285806427
846990501
157825348
609250263
778109279
695015129
614360319
165262072
963887981
802758146
634033729
853091946
363018071
449529320
89201980
299844752
429446241
187823086
509038491
178024545
644752285
819232249
315010769
993980582
45721712
462023041
620392658
557924455
418643827
679206357
380487770
779502366
499675107
55615656
428777942
155491452
198860790
301695584
369005150
123993959
606312878
590935113
902153978
400249324
876307175
682669486
231842641
235296983
70119507
306407857
681427169
97532804
709344570
273464516
793134207
731777305
59622032
822457520
480846459
852574442
482578067
254091509
653438334
822019541
261337780
73595046
186531799
116004075
791937235
466210469
46003038
722489286
953879042
179873243
221034784
885136088
697829694
667752208
977416394
392687591
287392702
186895138
25640057
778369872
225470904
27080643
942199250
145845823
704103011
290638944
254889211
200186713
671989696
297964356
250473896
134313997
285412667
928256551
347092575
253628247
902885218
386084589
253136190
919613463
165912447
199966025
658985075
792970070
676424588
879155850
593685083
490419122
331963411
711836923
210080857
509097012
639697367
327368846
725243660
14855513
915344462
534729180
376991971
448397674
920907579
704124695
510325257
611671250
203725000
375299302
472218810
479789259
144198658
724255375
215536409
448025769
826376478
353842135
620358092
382965798
56134566
120874515
936127225
425404355
392456713
883032832
605149539
5173985
963043889
595333846
530832081
5420405
197639302
545105408
493126023
386765506
842214406
106425214
131047173
306375569
272051399
943664734
480609493
214601719
232327942
845379827
942975162
582182110
247552517
584369771
648524771
567111209
998940549
33477600
818272500
19653145
541633251
45909901
598430530
308457359
954783519
465671525
683670776
402068461
457740174
740211133
828770405
60852112
78296602
328776918
23446556
70985046
369815780
168632348
652754823
12097288
876735407
42613331
819645707
786223939
170230223
596035252
102574347
560717370
985765801
904189245
621481000
848521636
255842540
483925815
274709816
601247061
176937980
480329042
227230402
913834019
198440591
613173710
160787918
244289613
806468609
654305096
75619234
804343990
167192600
341878626
722726558
270951129
18242869
775339427
762976777
90171830
272393028
971347004
90330124
208879045
479096464
880069447
720069708
866935022
167625397
860273704
126924443
519830713
185236134
561701716
433887130
779665961
620134550
213614715
673199066
145468148
532933863
423119113
83418117
163187248
410319447
686502282
479517727
17045153
823231726
374452742
895162616
733226352
59700717
447132555
652227938
634865361
916252809
335934341
76127610
72652372
196139607
672122309
655093461
628250479
248650978
975472272
855412098
265444300
566657995
185156400
802004100
838002989
237437436
39550409
343893582
14585518
887689139
40102718
950706261
457190247
455402091
912831527
744757558
661446424
581185053
463524347
232955966
303452315
773487552
669948607
50092856
682394190
412689933
653751966
620355651
862626471
243496407
688242490
961015290
905790772
505344514
42681671
249213812
636696418
141913500
618121377
757866183
651756371
41048293
958237374
38053381
776248079
7154596
423119285
74345043
656954549
997504434
82684109
217477620
244367940
865414229
308623388
562529452
12463792
530256681
797819708
227605194
84466819
983957946
318689589
197318318
286661079
15326523
567796278
401029647
11063891
261522404
891047637
312492102
985879872
807466864
392849056
30690526
367479522
303312125
557831653
922417098
547633291
839467044
523492222
384150405
276706145
300461380
866817953
630192026
556213564
725750693
711072740
516506831
932232516
501688191
202286006
264075069
129378355
966376045
440094190
892389709
608936083
429925129
442085122
834032164
731315022
498894231
12901393
230056930
771798625
57311020
445677720
905865085
219009595
198523125
513697923
775831070
545120918
176432690
549526688
622945040
404425282
872808548
6077417
790729098
548322113
860058921
810216562
851227976
836154072
278262324
488894094
606844691
921000087
998028302
343054127
645265750
781220014
478991459
970774880
693776074
296174096
892520894
254132111
641340167
299972001
510365818
152277247
860419986
703573721
233143395
316992864
563860331
632313681
305055884
764770233
407333462
457803182
853084585
864650905
766846584
274430660
804503173
269159794
672362806
697701201
779173093
216731586
586026879
493098229
776611572
379125101
826310087
546466793
620810752
621275680
392730754
161738051
311238100
907422041
121360213
6621575
805594730
238542892
70090000
873823883
911001175
961445910
101860466
611151958
935364966
807591320
15172783
45461799
58161722
532905490
246881813
3061588
934853028
399627014
768457968
629798671
741812648
895264187
121412074
232846901
169278946
734161150
708758783
947850855
802823124
632490606
787990997
165753732
276183517
608051757
713262119
65520614
870596991
883007110
853687919
45076820
155946171
357421235
835467961
828143854
548404620
297643050
744476023
149128019
789656314
915405531
837792941
266815525
9266321
853604118
12822301
884733694
682309806
131750751
818396058
262808317
774516830
607275771
242628488
356513204
723936428
928004582
445154919
244782231
8195322
799326183
600635883
769298241
477190261
872276516
269354486
366884779
558888396
713867286
57893983
775121281
936656287
302869266
125073357
367997080
214497842
182143316
102726727
519084423
603639935
592508738
432952615
367430429
269327161
699446624
884274001
801145098
811890518
23829945
737443792
152819925
39073360
222384123
126907701
700988092
674728949
779179062
961915280
880331417
167423995
153939894
617344063
713299331
403871716
179180189
748137808
193459718
690218221
252277787
977704901
964440765
96017225
601243748
309577952
668017604
705859106
978181632
420527739
19974868
442141946
331435737
681055581
26976852
742997164
917561754
721523165
388121725
803118192
228221596
564639743
92410367
204035056
951117743
156372929
915898550
738711224
324473398
913520518
550686415
181005097
79488156
322579721
595319363
329174193
778007233
926878782
668615840
51402363
496022814
462517689
785203015
203147717
238702221
784635144
476960472
120639657
493069751
173819940
242258359
39684325
169966617
544503217
398287944
759490192
813268786
547593518
708836993
647430075
799534239
741546940
335914431
427263733
48341032
606909138
517920428
399738206
211508719
521866507
939532326
87454626
147997573
647822739
587338290
320388687
247181857
281966562
366424447
608722419
46845515
84813414
61943818
303678559
183201678
974284804
758568586
412031743
213551080
31162988
713205026
485143497
130460065
849617792
603943948
125498901
838525008
702542380
922073660
351166821
48497796
145734353
46488026
126152531
19308086
528485990
341429180
847287352
37906388
751070199
266301379
322326510
185601157
799059316
863509906
978836154
507488906
993391795
587731478
944105471
212116608
295232759
16590810
834796915
268815989
660700692
243900210
625193396
395880747
79871799
713301831
277023422
888056957
650727070
638609098
715995590
257565070
986411698
149569641
285251498
431545634
163081686
278415536
836430961
580112123
200728737
472722231
365717485
423158193
931064633
194438383
443837690
213926036
836817693
754473218
347517982
748854106
514468558
453797232
656633435
492616809
421966886
644228546
540993975
15946911
60369783
113234661
929108921
932673092
365390191
265133141
24190741
917083512
18798789
993750110
45698821
152383643
373109516
633238634
793838272
441886104
968976205
796072347
839686275
187983511
924861748
219165098
663299093
416813701
648196971
393992016
559304625
512761204
965425735
616466179
75241059
666080785
545120129
553604333
764390000
795423825
50878776
186034653
954945264
98521808
214574963
4661631
918514079
320051904
224460868
830156148
24166118
325061382
476067499
695710647
489227980
626408916
547440144
79482741
128909871
451405997
231708594
829622909
595403458
11032775
694307215
583136216
803821576
954229932
603270612
257113844
124872342
511508654
234068667
763433659
96199913
117296191
318395410
135356483
253086568
27715092
12125662
37114078
400011207
19297709
530739170
684079429
111611384
561031658
231706112
967119021
613588208
519798721
439188475
152707661
894758158
329652230
603189018
513441160
628463382
372506632
335222885
871605644
437165063
979750091
269947618
137540724
652922961
796271587
647846521
484173963
79754087
20794547
603130425
983818871
566863626
586187724
532455080
201124537
231248384
190718273
936221963
267301051
110248701
844288390
431794059
113046849
717700447
479181962
512852841
113586309
970436896
304209313
839931416
304525363
88970071
837357270
125759608
703185399
307013717
366171823
80072479
32321160
111795886
957477678
711370765
869833485
29586972
662125777
331353525
328428340
16095825
150640627
625938706
820035623
791451109
483426384
394086988
575942169
319242693
863847653
680055010
840295800
275491518
241966168
942624460
832324935
664213097
456328785
110448447
452921387
181740581
363168513
63274588
27797668
90434471
629371609
634432585
423464265
939449851
92792931
606283101
438293539
368166713
749377633
800329347
477209894
7131149
362359700
408615320
368037010
428848448
846129819
365518528
156437573
971767231
768649227
376789018
691153936
393227889
721810901
486829507
557091026
108278377
506113276
765789468
663581185
463143145
193410598
825725804
759480503
925184635
203531094
405422452
921806735
810478725
242030325
400241627
611828097
296439826
973325378
940461743
921454724
90145082
19353230
554123875
720204928
663169673
71116804
256744525
517095595
380806235
197285461
14128913
963863535
697963876
153754019
888567094
255771162
391885456
28605537
282933052
144272544
986136851
722691770
934287178
481105501
595449697
768151385
867569113
927750921
422624641
253395157
722976246
775281997
667493161
443538620
136287119
650059509
715373852
858986913
320208869
634497907
884785769
932112160
351006079
307530312
681633698
496590296
557889310
169351138
956799675
363688288
665865981
132418905
577410306
714247640
757579591
709916730
265172093
897303064
72523665
572573874
558118831
667610005
627331711
666989286
925126844
294223418
583603320
369801768
953978447
659402329
480163209
261796493
265640248
389345521
148603500
796359549
265270433
959765959
677404441
377080170
39059078
238069296
258641635
770800441
57669747
37236191
89738866
44929278
748320594
624247197
928250453
556542210
476149814
496720397
351367801
328917498
390883336
375908630
410477200
355097484
781627696
378570620
123731850
641809275
811694108
293996500
450098261
895436854
102578089
884577597
546726682
20467833
646312619
601973336
792261286
524445623
504850053
787999673
971885041
705826437
702768006
219180336
662978077
455255042
509825887
103891558
678122016
878460376
795240209
894676974
624181830
839084377
635478115
62260210
811330793
21229713
87063368
369236818
782567261
252853635
660622185
919026385
323270422
658977101
137469927
353465251
696103166
151440788
603525198
889728822
971696497
991133502
424887175
812576118
604818778
759238140
29655872
725950242
297300172
851473236
315419815
672561139
531034513
899628784
259279752
855159230
819959331
929046787
915818274
143173286
576846442
12982283
938690156
892630404
548377306
604598110
464410734
211253469
216505063
221745492
50621789
249900612
833765065
151990726
870150783
46791404
26642140
536581852
945743216
717330044
864155270
871680397
650782151
745078682
460428292
92506886
356834661
429664617
872252958
721542674
280242017
521639971
675562668
763580581
712905716
578230251
600265892
112520104
126576171
319402560
585318199
303508151
93253001
646174181
976265791
276186044
394198064
303067700
469111936
309093238
168739238
82528579
686752705
997447369
862233234
532776561
281836639
137258438
219081834
451494596
71215083
515705732
421137522
138970850
430508656
702219469
966056487
290672394
312677559
247434725
538132287
964379968
497900798
505035329
941779806
788713895
358184533
76189110
732951650
408866773
682594630
917352377
671144443
456532034
708457733
567837796
375231017
17870808
659356872
645397037
580189891
931282191
83709726
192954505
263576976
153356211
305551696
73724144
598027633
828331667
627196402
436328835
467252950
589648077
678100271
969909683
957733049
31626152
330156100
962499056
354586211
324970346
243765614
979612342
658274897
775507735
773314384
199875947
392761380
387522178
964472243
653715064
391366300
126288995
769020349
946201157
656248119
357778268
243351518
830726961
416180639
387326083
513871819
697570538
595969181
79808852
723329714
826489241
617768110
219526742
539874179
296254928
739135710
62412871
344845342
275338368
864231223
945024823
656260269
43371583
742757789
677743947
412994002
523081190
981979025
296355226
306451196
920674749
321745781
784914818
979354028
357835553
630865785
765182297
438716376
298621724
148340918
622828528
196222285
90102252
90130508
678191917
715837349
238320003
282095016
367177397
287177631
232359779
3013142
750364153
29520402
507124831
990522737
567233830
160901622
738584768
191725084
455527055
262326127
848255423
462115345
7004284
575795123
179295811
980973041
733918355
836426181
416007711
300716070
142267984
441484159
435061322
946928558
545657787
845816753
829142938
319036733
547556990
931852334
55418860
947989315
803337892
293994506
700926904
784462594
346262541
28916213
559433725
282714190
247292810
390569479
134833365
82151491
440026971
539296054
227612670
766838588
507932124
735450621
580714591
179571406
933910771
826646180
612629350
453440749
603200086
227212697
765722761
945857091
496661340
691458816
271619045
776405515
411101325
712247027
768750801
170780316
932074101
234120572
380629751
467241649
213642770
77550421
335070919
291796381
378737962
196358143
24903355
499704945
993387495
893817703
998474159
568294076
893025082
753354311
705516836
35860473
941724580
940331366
807751377
154972475
157155278
812005295
967004810
897096003
971667948
668874853
7368798
688558223
727878634
661146068
586913173
181670326
742691621
135791246
517446355
477906621
346926004
609061955
178209883
916007585
90536058
761497838
428885629
584652779
837522225
322127236
672473134
33497697
87485697
815266761
66491997
62589566
602462556
158287269
37999156
717980261
590815302
832820125
963761732
331333499
368124716
695989628
856355097
263371358
210270769
443244974
981693163
56576607
571181654
470270875
407970873
516395191
89760443
304929905
324876141
776792985
63421993
18423332
282528401
96068012
462684669
521898357
522249225
531915580
347537841
34596602
363307075
208442355
318868212
763909937
877686266
965267303
376707527
495135938
787213706
667953956
538390000
847948842
290340012
137040972
710424829
702291934
255879306
984166944
56582056
664869992
20974196
293052367
448364888
467121364
534381286
402066035
197658703
481866169
227502981
373337632
286302165
545604664
583400357
224442407
677244671
766894779
381440958
700204303
900280483
441330588
282857489
656578539
867500996
211360904
347225673
290055150
756655227
680408732
444852529
830784678
780576005
914174113
166438929
895528534
554780262
76145308
483397109
117456998
99653220
289745729
138586943
903037279
380381925
68422668
360867369
314698898
580067676
836701194
962656513
353826233
541087470
815688070
893963738
482173906
730584022
826348851
124411459
381072794
142756633
333895196
804718759
910869322
11958272
412778031
453214027
143184638
480952469
655952506
200479703
460747800
435307270
289432878
986174049
779984644
107167765
341010178
43133994
581092857
666411845
689333374
517533781
776832513
489575914
459603627
402233329
779220966
827707171
100695095
16388550
755512968
755905449
414297539
880045532
853870300
722518644
502909265
156392666
295170495
916507025
883258434
166888729
666583257
554044548
791033949
562769392
976855962
686733417
721065211
58676274
493234212
830413191
758117790
144604930
661659894
5066873
713420431
170964851
324780561
265672029
736607564
199558837
71897936
475807884
815108401
971889070
131885951
568864364
895539315
179994635
792636271
925609076
575119183
744279166
506710608
615622768
199377280
330278224
77147558
930610538
327536292
452422696
47898488
307673110
711838504
439161362
138758445
188579313
344896114
544676456
490277571
213588055
56910603
274296615
1434336
646899324
83019271
197259810
196614062
417864575
53280044
983290017
394067384
72858791
860457068
369859758
368014895
155711185
538086079
762357687
590385952
502501420
694209937
873742225
146172785
72526372
555618899
228766403
947813207
142799097
297938119
384751770
772635253
130206795
363836056
590351825
534732576
77838222
939737412
617360935
82086475
690604709
838734535
448913715
157804994
895212157
445242849
852414406
362438202
268344562
654807005
512560977
164999313
548253899
818927029
421664959
879862340
873951249
275742750
279546930
663113208
52332547
225647139
473036953
552682406
522597935
499925694
453163113
503970972
476943526
211918594
255937283
609950234
558211960
10008194
185705871
658236995
393639805
531922285
181392487
604532476
13995126
14169382
497633123
560855334
628203744
216500719
461961320
41953715
612525098
867021290
234836269
179610570
964481176
296136457
361107846
529936083
608625863
110578507
904783917
258742375
255995
426000347
9809744
415245705
731259760
978845140
20897862
421071827
275539741
327901953
145135836
197015985
763671183
257877151
77998739
481747597
923488556
711716615
282637666
523705276
645901917
995408842
223519725
431745812
534490895
185706925
450030092
284555606
26800303
610386296
514338833
568875941
860113937
829119519
688630084
583382925
253082667
812155598
81647151
891845225
605536528
508692844
725707982
703202779
231078948
846903965
824288235
118478753
392426553
597869265
618570139
277991278
279932824
506855745
238049459
677837248
242601522
754472071
347392595
68247406
256754402
797785589
360556659
600764662
117290140
431063000
556802095
223729411
532349818
336608506
975424657
917106410
365235030
196690919
109265781
999400835
240996678
361649370
884604775
837381384
799318161
169840029
862865547
567228731
736613401
153876058
537064094
462058090
13958486
801138157
490952322
21599724
372547308
609154786
527980313
976643745
722281213
965563218
121595259
881347367
652137028
570212487
520113817
41652731
473406089
466932781
560859879
948094797
576517781
710377696
137530743
228202798
914595792
507352555
188937752
199095600
310285907
989169961
909421000
590839553
374631625
348992243
172959372
515564039
921719514
176951484
241276183
447782346
773830819
597369780
517180185
663991442
286388998
859442280
239768847
119876743
584613595
185955815
243210398
166529976
288704451
851424011
556466368
721546893
154259236
635227207
461952145
351445618
946225030
17265751
489015679
919498826
191034839
269331633
377425848
197176114
242579664
229461725
310586068
560722350
780889786
369792945
857873339
993062949
905322273
46145690
879870645
754683641
634135153
841901371
310431194
856713818
69450159
77340466
728705817
330694448
209764570
221970990
296009928
61348104
849686547
898175195
974271473
797913609
580027354
284941721
867247997
623518109
769658986
54083690
20082015
589884440
756306465
616070558
295124165
270503045
234343219
470726555
116915347
86058598
986042253
62519969
673619624
254012283
561216573
880311852
533349976
178849127
360695388
195945564
692904357
357653414
254881833
195437014
113159041
334522350
654847942
28752234
881005883
161296907
833407388
158198616
702486802
5750950
691708044
245822322
201599017
292666592
985891794
815129115
141890202
565990592
356925462
375809476
612586621
521607677
829314248
747396862
104699589
645579008
425042490
855577833
315082135
817501483
489058209
448772360
32625473
863022973
199592742
795731755
41991697
743787760
444434178
518441333
828811309
230796165
454477257
993837844
371554610
722829763
916979099
415055780
756600935
88193727
373745251
987567147
536552713
528934851
208148773
739886366
739605692
634774125
187863464
32249773
448948971
377040092
126354994
250505403
505771863
399840667
261086066
256920012
743375023
430261718
591129360
419044850
712255783
776903400
987112290
899709821
479475569
73826715
746210414
813736686
819493029
727462524
45874114
960399780
290188871
171463895
622618347
800732816
900497251
644033279
194360888
701323019
179433582
659346200
706051183
694599948
301986816
341172679
195784713
443932201
935895390
419526027
126301467
327412862
541274401
116699232
282378155
302552511
272456466
913348177
203743811
323070764
904092864
754794290
463398411
312408373
438677920
218878369
861058684
702929788
833598998
540631986
337499553
747292891
635267510
862599351
145905920
830248056
84345350
816462971
943262209
53190920
478891506
579457646
462842299
759706406
242037823
615398553
332618424
301888282
809845910
408107868
513547187
595752818
882860017
662960374
308062306
333446116
296443702
990473173
984250448
545461090
923189964
593104785
96630495
364518620
198960539
788013958
142999566
27943614
111202504
593382399
313101910
794048383
333180708
217606577
305862280
951866439
660827846
460938523
769705615
413959766
162251077
376426633
751610132
502613010
374567696
269905783
928757124
445781878
821850034
393145110
820689669
151674591
84261381
995638522
788352139
661871662
755726086
516732184
512400979
98279869
954167582
857046256
571386003
415492277
584933265
820956575
101827480
396927739
588500932
915183640
304407319
374044758
697601625
397969242
806483608
964888911
770351569
666302580
359401200
933696206
747192812
690290827
119856725
302136682
485707595
8775314
980069252
849411597
92954348
983864288
556358437
633264132
813696453
260781599
980971393
67159523
389877479
427135616
83020411
478084782
949972615
744020020
700098709
985054173
319117416
599822749
902040887
804808795
205710046
541849804
747859723
324232444
568092123
62379743
441543093
642994571
732903436
33142487
289588218
593410597
710706841
903217715
809483896
95443757
169714316
710867328
332018553
113780500
987800845
548492589
844758943
48442254
555437534
193787519
941920601
286859562
134679545
233378634
782306146
239499846
680034082
391512368
300675242
778933268
979612369
261092317
551500198
449377306
891587172
576057556
664851368
690535031
765571073
381215570
760148845
477241369
108843899
354070934
852071434
324489945
238687563
813962851
596758483
166008978
26754334
974662174
900641336
122446313
539251871
931252545
498072464
365751258
394856697
56249627
824143617
266602106
588189836
205158663
127721216
318792905
654609176
316014114
283065508
935182752
326485118
244585914
386926212
653022795
765616991
899690241
84332950
995132795
501666600
520980948
481919064
612265757
628589078
690352990
900889005
539055340
841645852
956710277
333646587
519504382
983888353
576108311
179288928
123141372
482205298
687709673
795365880
329579861
959592395
409480353
737780171
2651061
520193122
761837811
513210694
239048075
91898201
23807945
960818977
185863655
398675046
403680974
966164793
173902757
291829966
306536060
895424112
97434578
128704125
765483967
567218625
277093165
535337241
571630643
643029341
964562211
754492167
437770350
649598498
172863124
824904306
471985564
463903146
717145054
580041052
607015279
206726687
310388673
866163547
14950231
853993790
240813224
251292916
651427314
977273251
497073745
320409592
428433012
843781199
245193809
713762932
127027831
930136631
742247118
261528750
126597388
716537193
207130290
541193735
816640978
934753064
510906204
51049847
78646939
72756167
34950282
316398760
973795831
100619096
813579175
625925692
174581919
353392357
335039963
926554330
977315390
542996392
704855371
238738144
13488210
930989382
786106874
913103187
841378900
966320206
399812877
85838824
919511014
43357547
324652346
118627030
680132633
81207513
523834988
769845733
891144141
275281539
339128137
95477950
616419567
219741371
841854094
164092396
848620707
58948790
394608687
653752106
419473373
757834288
735491739
973863990
547570075
99652006
587055077
659959835
573948053
121602332
490903939
401286507
738399233
596101206
669092519
444836582
962599598
212576520
420651626
525401421
110434862
297475806
533417667
24688032
930898755
939648476
644135944
381687011
374905157
221103326
29760573
967799366
409814404
905548119
659869668
334318066
471071001
651074201
682453122
511819565
715398577
906116679
841244996
295196144
487209764
74179578
359957213
720845038
696476217
232833684
759333458
298843601
240981420
439156744
784304900
100398720
860898962
607893270
588472518
943358790
972105090
702427475
967970468
528407067
379296904
782104550
477837056
311136484
981518116
315323050
349816826
854001546
70540005
255382377
823736663
48386460
22923041
377009756
166188583
904790143
935851736
136242326
810448398
495344081
692169971
96165314
606232736
846592269
314295369
165883504
809560057
629958866
215675885
572964941
571892995
850635679
953965386
119141192
701640484
189617373
835207727
147995731
856625260
713400168
276388727
779605649
237085735
789313841
981991197
380626280
191176972
886116363
854950892
282705713
887141573
726138190
879591053
235935352
588648934
758743628
957167324
782793864
462826812
197137282
608748110
575665550
50264687
492139790
383709987
920913056
817564903
624975254
311436047
407177935
202079453
33982307
231212475
542655847
73278439
905612016
399701200
775570285
168404352
873015197
315313476
511790785
108310837
786870406
294819347
194524217
490781639
125437811
967254722
826441631
454505010
198895784
59586522
230466730
879611800
827120149
231626805
91718468
845405187
989483885
906354740
587331019
934464198
548715406
754441191
917863818
83920630
75528905
531361167
766821718
840604390
835162165
39493459
330606654
254148787
499362394
166048373
218834485
316592968
496018652
449711543
158001384
158348566
534271146
20894876
745800348
948053334
460765599
221450392
936070693
761130947
454853051
539918252
595378291
722263100
210501932
143770669
509298115
619300972
300411751
289595493
461837530
484674626
503965755
246934280
53900143
471927893
451632089
974850794
644615195
649626557
818932608
210150515
705774395
897137073
577148266
967273187
872427037
995348099
451327329
611254518
929546353
885043979
529584760
940200940
314860762
22718350
743193015
923461919
950440797
938203307
793524437
555967422
884781396
9082653
827689948
766470274
810865341
595607532
485575866
544831287
410751666
425265138
454497537
971204990
358959854
491826300
433021213
553877338
55329111
363877474
842521244
710841912
934291473
930894337
62299371
333970018
997324794
139561604
408304237
115911340
110095118
76391493
312542728
8609155
370153410
107750546
162345793
481524224
373993255
64191322
642301765
910076609
222172660
286281614
911090435
780614289
42426604
218421782
786820866
104559511
847428457
972698930
640908822
924668660
231679237
623304520
475369240
134362524
282530576
965499923
483049771
288999448
75894912
504800849
392045290
864185518
822668125
774084572
307207062
799565254
182712256
151004781
584640876
474158596
507622254
981388003
275115183
138722073
318693316
385086696
416655787
668098702
319201584
274535238
810516044
102185591
124322783
567816402
245314302
604415643
913950567
212952463
783000959
78880612
232285459
254662293
733813041
148546894
923424064
120756777
570786600
6864042
652101556
453101765
53133718
309169787
288657189
354382254
438210343
422728284
399025573
418832703
156329911
91511216
409723756
705394797
878933799
970845452
343348199
35843469
875496559
470368109
534340311
719840966
739075706
343569341
600421650
229360411
232570170
575746593
343274639
832195403
233155255
768312639
594618962
580481523
894485668
232168004
88204004
853723170
304459609
365464607
343821764
568032212
958312328
852473958
838706564
683229231
864006697
160236668
9191212
237952288
45955878
276416527
441376302
282394306
147109927
91142920
20843056
396786967
950402043
558737794
166194689
762329916
198688808
288439422
227080291
274367822
363005237
427989474
258545391
73349592
603453978
60896
66739422
952190314
72141309
750117320
805931737
900731394
924707549
879918404
971641633
161186948
851415393
939796244
732068991
340045612
202804838
651389986
431520705
486469343
192142546
676868576
182470597
593044380
108078703
971169639
820499407
810382012
582871531
149261770
180643374
24600239
994709009
562112025
229569832
117813007
684433607
109766166
20808190
632482861
696138975
30356877
533597024
596174044
240253766
81838504
593952168
948179843
403359541
548054162
567407350
758046460
607306346
24915564
754066321
665295247
70901692
716183546
179878019
590978578
455739931
622169104
807886477
691733462
270552512
376197330
500935264
782391947
213877156
907679049
595905099
421684815
694093918
624078650
487850397
455714778
774088576
994452169
790447208
277088281
99607276
517736453
872565105
466503516
423877931
53358462
520132469
48921639
927782285
801173393
437320024
621931900
529411027
387534411
667707755
127270068
870020186
544965093
346812695
854360202
22087793
952759567
638175385
694478872
204203426
716794521
581292486
150217405
891940104
744368639
725032719
941971191
357810061
842762828
895481103
141708576
654128892
732653914
165915400
29643057
814013812
749902940
209005420
941304392
358547793
161972254
492873893
345870532
94058067
91602783
718518673
702361737
482204831
95658825
185977272
403803746
774604790
121665988
477982032
911129343
926288544
831684116
408546012
455199699
630483017
817185552
852985058
663710989
529686452
922616002
744276433
41181292
115583066
445630937
614473483
442533954
684052045
751080420
490316131
821494010
781378970
788058391
167465941
782602576
38238110
655347374
546794331
142728972
917477953
98114570
648048395
612173812
319299180
927334424
282621547
907026353
269810391
573376983
60682540
803489395
667705607
907286939
163036558
581652296
991950728
584079795
762767664
304018441
982688071
829999071
484850382
961784384
600042919
551296034
436889388
116592388
498827698
350658666
167669715
601082039
776389551
678877825
93838802
293935253
367867330
875269000
448357129
472336619
17907462
567110919
669080041
555325807
740451471
233306933
982636543
774910930
376483904
519215670
91250239
608308010
858167034
628315900
722215770
601983153
619262946
60968932
375264757
271607425
123390804
418520434
602110897
524020258
823844823
394927444
840354368
683374005
786893644
695120390
802878289
569885264
42293068
289936432
710515116
417251586
486029195
655046583
261158668
45078509
170967288
581451668
433880311
273508674
792067482
10976726
54698045
830245548
137943559
760609760
523476226
170517187
558250016
177398034
942064563
459151994
316285118
319775893
533753524
172787419
537775449
380836826
364158857
805142008
78176887
80306632
551051614
975564051
326703944
680023985
650885241
20634024
51551030
677292345
931072346
754401234
618830512
302142725
31844582
755528115
453928141
90611972
261299000
532481856
139867972
363637419
609062239
956537445
847379919
980215066
646477711
764871745
182491403
516000300
756611638
584487300
938433113
419115471
933298486
675602742
22515218
985154991
594855647
390670159
537294108
732565195
615782300
263854854
370515715
510979820
937829452
42226913
856510709
399729709
166351159
625427849
542877796
49168994
134470227
991626477
482585415
939716722
961381619
99770118
55310329
484555470
416300765
93518723
64527524
242388934
979525335
788433475
164378408
184624597
165784460
645202209
704257608
881751876
936991592
7871762
301112676
156037955
441828345
894654465
414776815
375885649
495366291
311925345
66004021
217401276
936366883
56922475
51770197
970149548
221811466
202107385
544484894
104894823
889202586
178467692
822321554
495004739
923029637
500685254
275521403
920363337
411252399
787040815
135450953
925853157
270534364
540336443
150545772
888308012
268134238
494691051
516099488
447544287
539867981
192500920
901144058
393886245
752263101
809733960
452059337
388054596
589618621
352078587
894773573
640741558
527051811
30963140
550832662
992482424
796782033
292102648
893382525
214328267
103531951
715525743
110724276
53623490
257589102
462387934
205000591
875535730
547815979
544359568
824569127
213967136
321954189
999308627
204666335
183550474
462236674
514243676
773328806
333736194
37310795
296001749
767155516
465504272
929502412
604964581
532453427
391732483
928339220
638173563
180702260
571148278
631961840
65713161
943090658
274710539
224673880
745864622
636748106
121904559
685793732
833828823
113462118
323477334
698552564
797163176
437283160
741100758
511706884
45017281
365624461
642603449
667867033
639951497
967425928
6845954
823647352
526772014
628676238
380500557
23215533
842824630
946774215
276292653
166575130
514255608
522114404
190683065
33363961
564602808
784392474
956122474
136925310
927298529
71865048
997608380
451414413
308753400
574224516
563215280
840321008
355449255
153097645
183366510
681910020
235812569
846305133
892582336
350119192
445443236
934218080
553691795
247887435
344328494
69336555
438036909
14078204
53631744
927492568
647519684
650755942
560393169
376357640
192773052
601306670
525405537
910702291
660250387
692692062
649447755
943133375
252747297
2320612
893317319
341161811
224879064
849583748
770226526
239621436
474373319
571284241
723367903
751290981
695213844
28589944
695492129
205398739
972204431
531666534
865969740
783015194
885174136
218028953
477493471
252550968
567000772
378960044
213050027
438110396
144979129
662258588
512372591
548736881
714663501
496957588
547089474
203624895
252241768
452506249
748878912
577825926
546549841
60824423
269505642
435471717
635937107
234573183
464298757
731264109
389389620
116142197
632748711
494509600
625927200
164746662
109647446
971139881
964930609
445447704
502860841
599237182
709239295
466107416
899442967
695426478
801788652
628410420
609350797
46919595
57434040
914354648
107228765
709857675
393303455
884594420
579937494
803174197
32282628
662605186
731735270
190311950
902309120
202706427
695656977
229016705
655600543
576184782
488495330
192190335
160147229
338886975
215723156
86811838
745152269
897153216
959952311
326823992
323487060
139123274
416883484
496166661
994042554
340112326
792784680
698291915
962092623
196975463
402718322
819625812
512731375
142427500
883043507
404383788
748948217
858559582
180545535
684755175
479563349
302464333
757077889
684038169
268903831
397896637
646071231
346496956
931873396
751080863
968658093
853934284
325160534
870457985
742796043
204806313
47540647
678457075
176904145
700334616
639461409
717850671
306881540
638796654
116254120
118246532
207761013
282685339
484123876
385054455
924546073
800509848
341268447
276969424
804617855
502340987
716874663
734934541
748555497
780101228
496647492
34491477
154671595
517322764
979225798
576333725
981533500
91516303
985209056
550231935
196133451
914042178
748372896
473772627
151132970
878560955
7983495
464715806
500110686
472064456
479528794
866306773
424268402
106687397
969508612
582018482
326884249
2327072
703791128
718986090
794007184
439696438
625434056
770889768
932190224
652061818
566139041
39086773
65073439
561304217
744490455
535118486
544588973
687457511
990812204
114137179
784053219
349382690
234298470
388992843
613797982
548053147
367900133
563973359
700412775
978286668
924927
353755107
931911654
922675154
533134397
357252246
86352533
983391451
758278349
464542527
219113515
871208307
332815776
309904772
661637622
540062518
719993658
658059546
795836621
66590786
636486971
849722213
804990799
822204712
757658172
235493064
426525818
7709496
133690777
878242577
555928989
513478012
401527370
52465278
501082339
734982986
416061246
419498141
703264352
228501844
141825916
956684803
198015699
550366556
463589143
913104192
467777704
846987946
670038115
273313995
851599831
461103648
878868352
944682952
867417237
558985842
363387900
237143932
398141798
294728031
177022381
112936175
587289966
423786656
983572617
369636430
818351283
887346493
445073013
323915616
7430986
77735052
938269019
599150180
838111160
828660
259772223
411316500
954014652
715103062
190788436
647880367
592740517
85454615
684572895
731554167
737667141
891598775
254321671
954254940
701320546
136770526
543959343
605481260
384442594
677744062
556238340
858343763
115738954
589612855
563122112
820597526
528711760
905844523
33916322
161946031
814115801
462989637
128091494
54071029
831067547
50984360
694485554
49559171
635447074
640855140
878958007
856896796
740101028
426669049
866951832
146315797
328159402
217676848
223426963
953110479
577676276
924817205
378923022
73813014
614683255
165353013
185964854
486635497
109827892
941616513
679818676
380090788
50617614
766296890
435914950
690961122
199655522
425278735
186110084
400551812
878101584
89183053
659320901
311852282
38670235
383561072
980916515
136404230
525114681
623077743
604284619
55893695
218778460
718107533
231735210
953500860
440760972
164401921
407910964
252014012
693718914
952519541
544415514
564101590
702292935
342230222
235917959
937522446
813595201
330497501
90754706
934237472
291399152
439585194
353711164
622685807
688339726
596671108
261103828
644708153
759581699
592345219
657463559
868517881
845598046
17184742
860084681
172780398
534329275
223780117
102852527
976286263
784240103
829084193
705266559
586568594
864820628
271142148
837334468
487445663
389275965
225814961
892555747
610081698
65935281
757194170
860937014
768219509
684830714
29952752
887125078
556640135
123303932
952603924
979176211
547753332
793929594
826974207
527531758
579203176
218793383
823083364
372635857
554603406
502629836
216788294
328240897
726166282
221915763
976080330
153233101
39307562
361909647
264327287
900098023
716388998
877156507
355652148
742466185
64048861
400000497
318359084
484668880
805314956
371732758
96027111
803065121
259548341
980567947
868356877
410705746
114239749
441519250
387051675
273760295
146837380
424093128
343513135
821645178
758345103
190458028
25679697
525183395
294395790
987276618
343316576
314667973
486204693
373503601
38341878
961448604
619461403
350323537
96881565
662044572
844471713
322457347
717649735
237629798
106896282
77902600
545431177
316864976
770629772
896634403
3701933
214586299
622238923
951728712
780798162
734625316
114306014
528711287
942865992
446139429
402485582
257416933
664863949
185050838
488300856
585793753
693868132
841727962
41699942
608224783
780911666
22623181
915981209
229182452
715902315
806523525
789138662
629749061
617297365
708019271
935177126
885842645
804578662
161923574
889283286
585937347
391832980
291675592
845115404
47176568
688254425
635232627
791741185
137578636
314292221
718745171
124478486
318301091
350179716
776111828
5727061
67555887
145179787
64710140
588051553
816254656
224563492
837726140
473579184
806353858
310698508
706443503
29702886
788748684
216607604
194462883
754740462
310527817
363984039
608449619
342593931
797773258
815439277
740806750
114066733
939061267
688316203
295153899
808489241
134073543
455246060
848325306
294900333
963938741
760581246
982016524
823679647
935623699
809051527
748988403
51895158
479541754
104734904
65351907
374382670
955759877
649470633
245060629
344133215
78639534
24662835
148318663
999496294
734640221
425611897
128322142
583731683
674107696
404886852
215692605
731766599
250120482
945233124
923936253
275029667
830163622
915309266
818020087
900370616
599485230
10451380
433916488
803187151
31514794
562199247
901000393
722124704
451324006
35200882
887327537
70239013
11665345
974068928
700665214
537687096
764044102
848165845
866531576
723561978
834839500
560975634
252358095
846555048
651666124
811343145
852799967
23900773
120326612
821589556
55013192
186968210
481007897
167398927
40804138
114392933
411239876
850798419
260881404
735499153
818322567
464298129
718374087
401972097
345369539
973221729
63759102
537922446
677812102
253026809
796379106
683776579
805621542
630445262
663194486
129956760
977604382
191874193
450852292
988331132
950217296
2527629
281841748
711349734
798627207
728169401
204235039
479912994
609880927
240281
610276059
618942328
427048685
379893346
298924970
978200599
561680518
699955004
584299943
345608545
506089898
979066098
419684175
13361473
494995366
583430112
537674171
316594745
629472061
509549319
989106002
701184573
720534629
867789467
483914353
831671583
661854429
994718582
640280546
104814309
567424830
532189209
154964754
22710052
621223483
332007176
687614011
153530430
16840110
301512762
664353279
869336835
347450327
947989356
704717956
9958211
926592527
232581262
770028302
695134317
923989992
841507205
976783776
408167242
71396619
104578575
963430166
679167929
507929529
937298775
285882286
428615946
135447829
141776636
157339592
538524844
617635733
452816254
102375357
916108540
845823868
267525748
754227517
458490067
595804067
501022949
855112414
432404645
480246606
778700114
284290766
451886748
323483095
225063219
445016045
595135097
131155003
372429948
893081064
838510716
478881248
966570586
20062248
473028043
151004403
563489465
690599781
187787478
204990194
468898179
687867215
546378823
678057312
237374124
260450041
149829997
25239827
618120266
993287388
68653549
764347766
276617945
602007023
792876490
709132352
538114155
594457756
908580862
290859907
559309318
412944931
537836462
216513927
300128053
961507319
279497769
365311054
41779381
716957777
242414868
583197305
223420207
779942447
457355407
968977435
908087310
52753012
484107447
818684497
373433915
966610741
934902727
778134305
726350788
200352451
917497303
250013981
696146711
605948511
511556971
342573632
664983132
144661986
391798093
752373915
162086836
306159898
502300759
394975788
826802258
294944540
433602821
126485184
112208454
462889117
873733785
720439230
792968571
561481438
162753117
73012847
417402463
942082336
798321340
246687024
582309955
4210160
1737271
948830285
630454694
355375863
553710326
632637005
523286814
993271151
614914013
366769050
450250329
947138922
525825773
548985722
435959864
243188736
721784844
291728683
617289081
887307229
462641931
985380665
964744509
980480093
847072608
405459161
495727044
148784708
346472108
910259795
19986129
900271208
107724817
160966190
563392395
349717448
417907833
419282071
620815907
43904963
86733416
525018476
316290193
67922562
999952122
692879959
113683206
989619863
651818072
539085900
541978673
902223902
424604228
441093788
298242163
46931364
844462011
45901472
695171113
245484918
357243119
28506443
23884930
712905076
622590806
716660532
548857841
639466315
31584461
234290169
294309109
579291006
351294818
649014599
294131397
415016867
860805210
22969525
126794897
813038469
288764116
11868025
523444804
746291291
635751092
35911965
356334035
162448227
457231430
172742819
7244678
628405686
280693390
803320386
922746237
287717808
788173330
449459153
859565466
274721022
961094247
617715593
654988460
861421843
474716073
926219891
35388319
916866660
802161586
557174477
409200950
547782435
174541133
99400615
926207868
281676828
873918556
12927725
31162518
193283694
400264441
901845457
174373007
688502782
12761007
211505210
838308015
919297313
133496636
355838464
712789552
425911253
546108255
327937378
312410168
982221176
429148644
68272012
83029723
947375307
401274194
829342578
944555338
402983939
365623885
114539979
251971470
193698536
18181473
409218293
139965156
275682112
959426474
303832080
990985503
346650948
186343763
934314251
986717413
723230043
832449939
170839009
308393565
146981032
779272965
822254461
318460989
388855673
769227359
139938093
850640964
827863624
949149265
704251587
958175891
641339033
923460758
450646682
651376770
197430352
589696294
645180074
695540445
306546910
421427282
821262914
943799063
169111295
266333958
679930838
846238540
849313814
241430609
386826282
211193306
494079989
425336580
408735505
105970352
891814214
418920608
389755917
958335079
177472612
11187768
732134447
562137568
699372483
489061232
905020710
475058958
571958522
962139934
273127672
199369795
200224588
112174419
456256447
702411864
532897059
464206918
138242761
162722942
426161880
860286043
280898858
219333336
786027355
561317889
322961564
278659047
520351834
988379825
419804996
355870
803924563
377476927
802521970
324403234
829326303
132762732
840123381
713742126
51927649
212194086
776386557
479350639
571058056
55515505
23156003
701088804
720743432
639064912
247524450
167398593
826923234
851852832
942229368
892555697
803390069
134957400
238389213
279368893
823994367
573147756
207777199
825636383
972928186
38933010
594337956
913656293
447046378
764128386
628966804
989196883
24997768
522386381
706220491
9384880
411254691
926701395
574836566
556087836
388147451
983202959
853014838
798733193
685718923
76056043
933394853
615002265
55728490
144444726
488288516
317589132
763143663
419857332
265532258
18965742
905355584
579581160
475689937
160543048
507553482
870942866
942162313
200907856
859650127
76367018
267285597
439699579
747702630
922031116
329685954
420095775
816506663
760244992
851232624
676298389
801775163
265330710
122061059
783376987
663474062
281696037
693951628
33658654
32074151
283878450
830681827
849727035
227930894
648136615
413564439
199111621
401623777
128375330
536913567
582535435
553744197
627201750
378674348
958545893
651877609
323158595
723356136
424165370
857511067
517869302
702067792
630315263
977726593
169270338
770878416
619558953
254666698
20939377
520150936
552354139
59323568
58234359
572282660
500422758
702427124
607505216
720295788
441561195
987750175
16628940
340128696
50526118
342671529
49421054
511378486
516526094
861120158
375894819
484166797
455149120
389374230
561744120
870377301
358881216
227062756
881584181
382280426
649397494
779564805
890143486
920281446
59199471
513463994
983201373
204868885
583584929
223289054
689317202
323085861
285037002
771425353
56148042
194978146
359281477
110013755
453372087
244181670
273237910
892607902
961399822
966989403
608022008
342136695
154382260
192597667
638184043
128070850
424159318
228517925
687063253
797992139
289654969
942608060
493717786
714829185
945316821
649046057
16003541
694870243
385750206
472301983
697656321
721073491
358322489
141755979
757972162
539373869
81187259
212796123
280402123
342596794
361515055
201216357
932531839
189003955
951076713
228022770
830709067
150865541
813825804
828711187
274066462
374810010
281287423
887541655
346752477
122656119
465866892
394064988
948719410
555111647
982630651
288554998
358653111
705652288
487796728
330773502
290295259
381892062
339491244
666521660
414642136
782404345
201184931
181055108
137796338
46003744
265238175
121463999
448070576
894461194
10825508
875899143
17461210
291455365
242888010
395035433
424899017
200481483
28374701
892206490
947501422
87438087
630766945
458740657
209512032
207006696
901397279
204404247
158392322
285029950
489334581
768954540
466980138
232554168
374014815
231931053
771273126
28451534
925983571
140438805
38948699
775527957
339576122
487274607
869350398
615631831
534338541
513051998
508076771
328640368
163664520
789701617
411237674
151308066
159951180
10842153
978769690
118675507
207362768
812109868
760769673
298870680
513230183
339693985
603630774
397650310
783159847
842111370
8414286
482375325
260038887
997745034
385957008
953331858
622750966
999170148
519215332
288012528
688013548
789122977
694681824
399254688
479564802
880419563
141371590
803311400
583572581
481875668
967319167
621807073
625192865
776077306
225281976
869538762
567729850
378019391
559525723
832083740
720968886
791024113
999618327
548902766
286415115
439484521
445624523
396046875
428324773
22854026
660752760
116821455
196128952
615127254
706824331
131786288
482399562
739764972
830120842
90637511
534888313
487247743
539348765
885517674
368027641
793946993
442444792
655518351
434592823
239160756
113096190
859751032
230280868
737048872
231591180
403563165
745391690
242552569
462452209
273450162
357197748
152227220
879789812
859247210
582435107
641407145
374316623
16313124
734815352
760736994
608024494
484783808
926881143
918087240
219885044
359518020
194825071
697739208
780499345
300355119
268766646
331713936
343278479
197309690
410871736
671966072
468431247
830655200
602320589
891149113
581865370
730010803
701772392
718389264
116710989
679850700
484548027
453480688
795717589
525098978
833683774
739479849
334935661
509051950
637493664
851040556
611637491
175863501
130542371
22807036
878750133
205760082
165634035
465068267
188912414
823236200
563026409
758007496
845566446
931821534
869903051
343317357
245962807
275576351
943029464
222519975
473006268
850581921
146688809
961357755
665522985
70250163
357499326
282099465
385318607
753920935
582508456
304181770
778380116
979089871
454166404
404618280
751505986
708346018
760435166
753407404
306538940
310646963
128006507
330927588
73090729
388569498
604130379
416213397
329859157
270019076
188987696
4100761
541505993
64748968
488982691
965720390
518710277
917761879
341678613
792610450
207509660
565287265
737187478
661128907
500826951
386374474
689873147
43274092
99915811
799325359
287153925
823097520
81992426
359251677
813590660
558267805
777222193
713888272
705048653
939923708
498857786
287191845
274763356
751724421
929428910
439187927
723303481
692911445
763611539
623751634
122482884
88780306
634894446
241626410
583722171
687155125
688066898
720360752
817947180
750491940
479091360
247326907
192062570
50028857
588740565
122551140
498593957
432487968
433063705
815225503
551177197
202694835
440979610
31062314
836805991
161433289
547784652
423854896
661853487
759206880
231856909
109821895
381354163
203061781
40808290
587371807
448140145
356635819
895890617
643381648
378217765
177531891
65599315
97816839
720915830
950244315
806400490
179033839
960871654
504327772
543943956
982795259
430912587
970483213
590716297
76797166
864194945
569341513
94087759
410797590
247426251
878620674
664767931
631127326
365795617
490922292
860190944
222989975
451323696
93859106
417905719
641226470
536311051
6025770
274057862
464901782
468926115
922793850
792140647
178543675
912320208
249275460
385397168
442611008
109883633
179217235
401638773
145617071
220108037
37990589
553830590
366264425
872989620
426061599
852362188
753256626
867069487
918513774
523713790
55272315
551645828
489795090
843507784
980296488
263170292
305354455
56513076
981229771
814676614
167124010
161545674
685811025
456355644
814539293
713171999
321078543
252326861
267865295
56621934
866783161
925948441
310439229
386963265
405276942
375572610
61690671
815585649
189391168
991439827
549424078
68490819
659630464
233239037
873540745
533639165
831326907
480351881
89888164
609407436
512717918
397835502
361658393
935058199
264384579
648750241
927212154
622107199
165897593
874732928
926035815
407348111
313923711
336156342
607068423
389594946
979588084
512218814
764735028
47155382
420416098
241962476
851686032
274162570
479870473
417573387
623032056
790254989
268608199
402938030
527655079
670941051
795025185
251001315
240045986
257580052
768572118
217225828
334254224
418640161
822481310
969930332
979820303
997238642
494300541
104094158
135690742
282184035
43114169
137034113
198550930
399460863
492294385
749070495
493485171
403193846
61950521
32353628
791331360
989489880
646259677
807455205
449872575
630790948
612959092
644667048
863589303
129580136
725438113
200079251
975879138
979724750
835201987
724808456
732299981
139619257
849966038
728593213
155551449
976917809
609813313
151796528
422975638
844530856
851111463
682265958
470226512
366962267
192786324
695868752
725230221
405089599
343451175
126539722
891000666
197181604
163280973
482158137
37138961
644724584
905570101
628908401
443358554
380838818
359520649
848046432
642457804
308025453
539992284
615087406
526119383
807945266
437738368
979594379
351726165
407367945
141573205
891497666
30264124
437942190
759107101
854270230
843106816
862827569
136080464
528686092
510294228
448536396
250203576
920770953
948550727
231996166
573721358
217480478
237007974
136192352
623200754
172673245
882571010
739146476
537695492
447438682
194769958
549892382
178271143
552764011
82838074
854988290
240380302
357386325
173689576
285478495
175703019
159753531
835089342
579755641
825571663
999918002
129087304
42798292
239877179
66975984
22532801
762748191
490818508
650504465
731179878
624640088
270142139
473637260
744337643
821595961
445141351
417472742
208969272
944724699
537632725
600955798
885737973
508491433
413427606
436943714
636533114
122925286
861980961
441440896
67461175
195563963
642847615
428593680
19068183
843133096
767600527
995426290
28504487
396788708
912820625
952692554
593335840
328951409
197175481
791996965
403458299
119603068
823560297
988116532
894333345
878620093
640670783
489017410
698895739
93247990
685932765
153551572
512625700
380430085
599074422
273174647
692672164
166346543
979770325
471937213
957057252
421255795
803034314
897637118
947398646
214281511
17584097
586636833
609890238
464887075
78322329
158909018
479380674
188968929
766080719
292356598
258231250
823969241
10575352
738459523
848250225
302696464
397628391
14705925
388493270
687755620
186153749
34939081
833910709
504428183
845085419
159826628
440735336
747243474
720060585
444695058
4159717
38004256
555308323
699403777
97819814
679719857
598951778
124087662
428438310
568075030
145320769
770520057
969585963
786616953
922716086
590607041
494942021
656109256
513190559
120539969
969030332
608046168
118094277
219309578
510749850
136157623
729713544
466827350
213902263
845969229
668058622
583192800
676136356
984565779
234950989
601642321
221177938
271024372
389876100
485083080
443458373
34647393
372300707
739135328
289448395
532352990
177068514
787074875
847130133
264059417
531485305
588446063
401901258
644538247
907775013
182891030
767675448
17407355
398514786
822899904
178214756
142585818
938310906
2515035
710249609
908149733
792882341
525511871
139204736
330614646
201545618
405629247
53985055
723452035
96343814
122240101
963843421
307952280
676943738
126967647
489801073
228690892
286384737
760150266
422574634
331111792
153476289
31930806
655086208
270632131
314423804
824451638
435829143
280859354
891946464
459378586
945401291
842502018
642082052
329379448
998256221
818504916
736524579
818279678
910010774
798335966
543279434
471893881
584753281
307985574
318525928
788600993
21886923
351993073
317172642
315758867
36902078
356617526
658109499
939851191
938798913
994752849
118910253
491214185
583075301
103862318
241395946
497599380
752148383
267537636
904288352
784719154
234500446
646241433
379417134
797956838
659278456
50782711
761073107
293054638
275425754
917458765
158334263
249056969
763253872
185300352
663005106
953747660
190633071
214239191
98603342
531327360
467552729
387347945
769843616
308546349
387347320
937216307
121115122
425166150
921351679
146803846
816069155
213448316
987567085
838816764
676313381
4949788
511209125
173329057
342228430
601780127
939261021
271837875
754807377
995531275
489104892
366955664
241294981
592162428
232507512
297816983
707273655
841324289
202580091
32630613
420002064
208215194
596336281
211484819
497761127
261301105
597002671
739294847
38349756
994343682
542856315
822853107
980494601
17117270
527091676
58743622
747896040
158849740
731483903
600977027
727812706
870823912
508623150
642330597
360402205
461000688
679226593
167638787
925902374
231063194
145582446
511913255
992086900
699985112
338208190
247111585
243461479
948670321
480726216
732072043
599587250
475525464
680686503
649704178
305287355
297713922
804268336
185787000
554235397
587282936
674022339
125032396
877791474
126119441
371470928
875960427
849561861
684006164
492258612
653389000
554013879
52497100
979841781
307895245
147777935
339110270
17322969
716787739
643365467
524096301
170298214
749070301
230943130
95870825
675074539
777364287
631641486
858084951
842977891
420084061
131309057
879053881
404475458
362032157
696860967
983966421
950167925
865230936
481680913
793786749
727871247
114571027
681073985
504123647
430526668
701099783
130571784
609928835
321662818
635636347
67577409
764305283
42323056
435849190
805841050
662332853
809218545
269993226
436870894
322586862
743713636
719752460
60719500
365935660
859520281
372422040
444046634
504388470
378236893
308911960
604952479
98116860
104788066
242888267
523417257
359900843
92944967
821077426
67949166
247155228
533086678
948224222
347554578
510558343
668940157
824414737
613566268
526323271
801497594
112289768
963423734
792295601
149149867
486499626
10192037
673697163
320835013
69924714
962927058
583454422
203853446
68877335
737269140
968805854
993641743
304078486
261180515
914319178
621683253
358727273
570785792
14298740
607077524
888811331
413460447
234972094
668732153
995664047
549235040
232902575
246287150
464679873
343825915
716412144
752102394
52875997
515332990
575159215
689747945
629263862
889890678
882772846
131613874
886218344
620579362
199405316
81688889
620419050
502953782
908173668
353755792
630114546
793532114
583412871
805504689
28213931
790388536
857054794
239822342
461572015
68256592
344128180
660938583
5653729
444248131
650062265
698056200
49304375
500076142
5567712
569092807
779240
874730028
849802830
739577717
201546634
800361303
323978958
750432504
669677353
637846580
679484730
63532273
58833437
968311147
42024298
316495614
197286364
161628234
864134996
447170861
416518184
348766332
307306105
819627072
990343277
203336049
9968206
86701469
333603112
356523528
766025460
161273209
744132854
593127405
114906409
786850889
116534256
38191749
198289996
270116341
979807514
989245543
951194668
858143784
969741279
36651273
45665238
396895439
489851344
603401358
903276542
77618288
371382358
224913354
576064986
717402049
840774884
131716037
408091620
392326147
827978621
638842515
592162996
191726287
212683595
631559571
397303936
688944857
786250986
798664300
945821070
669527473
926853871
22973521
444374
788905647
721957379
627311256
435056147
934372869
808740351
338215239
186349763
745194796
921196616
881448133
611438717
251743024
245138622
705284795
745494266
396414785
688696638
479362164
965033668
376111332
818602952
363639312
675385717
986747654
50626256
942976289
32108886
643614653
160896899
143251360
809313554
292426301
499384253
106780666
795441429
145156308
307540197
511601348
237359948
899893331
248099758
826646349
707083907
460288961
140566002
720419215
307038008
473937807
684763953
404760796
251947299
8357501
214266164
825192854
298356067
940119849
905949824
603963834
888294397
203523015
497901030
368012671
108312912
285412193
499221967
369692148
359813695
864998627
608935133
940503715
298224185
648907749
337422979
91488272
81539362
200380681
388616310
268250108
44592179
514973254
802177163
834697218
931211119
870057500
592336607
385522522
365754980
560698853
456694717
438386834
612818132
691970299
58940402
59097565
345516167
549278759
758946631
277864575
813602398
273877915
871537499
39770120
879543310
224958180
177223089
495083812
214242432
292666935
524665576
620708594
75645209
188705707
402438805
403954166
109999489
852332544
61603880
101585578
51236632
90075941
460989115
22508999
327702003
664539281
490933173
967143682
994481593
14254726
837970196
542681469
337125806
615731821
967062030
778650797
385628020
896468147
981452278
656106404
67327916
674082420
140223526
328408884
691516895
200189221
106971556
469940002
327346765
755487878
813990378
90347240
463181110
732888671
114860362
867354984
75239513
118429889
638626311
96838253
504600097
849552224
625805706
304112904
243959699
734384418
603566052
346645464
28928461
79384638
653875853
137218870
939368145
343796937
683218356
853905527
905016304
479532326
141518994
899421799
289398494
93905518
710757521
888237579
334832536
871441964
747775924
139210878
695224828
356886202
578819268
26211333
329920648
113293355
785675471
208210903
238085343
454078129
992666242
979942055
967473053
24700645
409859975
27267424
119955483
417178423
691603786
415059101
154647884
350907382
459824128
901883135
246155172
359347478
935616230
45289040
403931393
920433681
252217820
566076667
452294657
569415142
962311324
788260049
258306427
266039033
236566557
182091664
581873694
232829151
75747497
876648493
144003641
350110459
420436909
985772992
515347480
406859046
400566792
754507236
177844058
109975797
362791191
432563448
292350689
321026264
398858499
490146984
402511537
977192692
661205679
938966284
321879415
683668064
54751266
277503336
426259665
208997942
138740845
481367951
860867467
802951391
776265260
928042620
740220203
894429761
888098835
512947375
385742963
626407490
456745884
949846622
11288493
889963010
632285053
111419056
296165743
704284149
855256970
500441756
565808301
712588071
80256297
676802924
71542276
801217976
328382408
77204936
766921493
596540641
283231417
672907834
601343473
378652068
289183668
325375436
29845423
136523571
565573997
327428937
456581535
730418946
174369307
511614504
581555094
894450965
608758781
86482849
666241702
24646692
927809843
732887133
412285999
257305660
32207727
869925510
777510555
264264278
508120016
517531642
818760131
614397700
842968299
697192375
789056170
683669233
384861083
947339481
821608181
848616857
78771000
653623207
586338276
942588455
360265211
566708817
489604843
352657487
395884860
712961972
396692360
426405508
238759403
348292138
420758423
406352212
896737253
399109682
430791339
713684329
911032377
455697069
693498127
750599928
893480977
896381545
884492770
770782888
856053305
344060477
361739787
81103827
706057618
884814851
883925092
179975391
319360485
21495045
936686438
312444179
264028056
957156508
140862506
387234827
187360436
594928606
805124280
198423304
290551621
704966190
125629556
136064293
56706482
824601070
684078337
406593179
224316383
833831304
58612800
99626769
662140069
822042866
998782497
76341323
310556643
461061410
501019235
445439852
114431443
614796978
971271706
822764688
111086467
139840295
776631531
915911811
452309139
671659823
289915427
573873218
257389660
282847710
538164668
262875891
799561712
525408461
476728578
361118612
109550065
929818055
510936959
996038505
103854157
926878938
773023035
485495946
515208683
436047557
420874565
682787004
567396585
476638444
117633924
11895101
974214737
888550642
349837643
725444783
177758958
733038464
208052751
217880948
505059001
411380318
23254456
345126352
998416144
851180180
584162054
97999923
641436894
294425980
374998091
103919678
540083105
425120382
906799187
408278019
653976018
927504417
213659311
175890692
941061376
192103621
477183553
127582446
471268146
187540400
771880447
693334639
644354215
668340770
884829741
912677259
865120931
517081771
960665496
851198682
43022003
620221062
790371321
891168161
810355762
903891740
821154659
527667177
951627423
540754793
861897478
404783238
566559736
281465661
696727062
349312675
648493648
784846243
784436364
44324115
196851385
235658015
171969767
893746181
141514274
158212268
686254532
11430019
624187776
778070148
313344648
171816013
620100192
776071672
520654336
10556453
88547935
563163782
893498535
413234719
966751589
749448123
27002128
414894531
242471303
353428450
714413173
830491933
835498693
678478198
522890618
550056058
794138292
28075966
928473593
294961552
800956130
788006490
297984662
478294497
411757977
611101996
744823630
675719475
528216379
63614595
413593438
179754715
399422026
268999581
989530932
524532340
121469077
126003334
299824661
92779479
892143094
473874297
306655112
481552358
171096730
772683244
950596033
253965844
555285580
506316881
874457556
499429967
402979977
791427225
223100821
458109483
907645457
594294128
27165297
426016818
720865344
504605418
535191308
89196290
872477678
911394722
934706555
655043406
988310055
137315328
375051457
948935005
905304704
447719445
908716644
235532415
200088501
480149859
737094699
989379793
898312478
178674080
275915746
45487663
140350025
201799909
196208597
87520301
466370022
405666908
631652849
188789515
584284703
86895566
669467352
101821958
900968338
420626022
355297716
963187995
331540339
574343099
186032777
290564973
225424173
882599159
727921899
779041755
297603565
777707684
1928670
344117462
14870954
739101075
550718174
633494257
165887738
48702397
424892101
481865875
447314714
995803862
624440190
624188017
261882472
512568795
936181570
513490546
249565252
677502019
374055575
673361231
598713726
262568541
350677944
598877395
201782580
856129943
338774375
82850791
687320149
954039844
428132667
324864382
967437162
817933637
116963063
643923522
7423070
491536395
696501535
835307054
364590842
183076
54032035
138830972
473228132
900612366
385946215
861680679
412987218
225992400
873376668
333953870
313320420
31229820
89570600
357548967
896833500
612592275
35511962
595288280
901373331
736914175
777437339
423647563
305542820
622391798
429759872
859323882
767501130
553098711
315133090
652979106
683807326
947196244
282104829
286976382
358905207
314825329
330179645
72195057
155698782
817813518
789683997
782837337
194792327
866119209
550080165
126150718
360766061
702864784
964774370
599452870
516799872
835348900
192975412
451952084
26491793
985868899
151387614
354501940
653145050
565299392
754781395
457833526
259673485
781638070
419523520
774465802
337610497
217350864
101465438
680542697
400420540
536899812
88582278
745874147
562306078
360483984
725826783
587997423
699930194
743373819
639609888
556976907
934110885
529925444
363959370
512613974
47865746
984042989
717995175
242581677
11705880
786058801
594940680
436927951
113817606
520874773
207462635
860815489
617183466
142407290
123022983
934204427
590627712
939516164
825907248
622727734
378655774
663552883
706330053
433499342
366912321
798882605
660002465
30122414
402315595
648912535
878633080
104592317
142181879
101819441
577357225
674320476
333604015
981875134
764994695
748605898
823548032
608165554
840716669
613709610
106593850
455057984
634202522
436359310
734585304
924417341
313444881
322638423
376161562
899214148
517433934
678121851
472338623
866881880
493290603
281683641
667616295
278594162
93081421
954533422
187323770
377545475
761840103
605853262
869810267
497683440
804925402
395948493
866531844
979804444
119859624
308833159
478094424
68738384
158638497
152736914
153222344
821319005
978303869
122635060
46169990
368220441
230511364
527098604
851508872
265952269
483506237
334570524
962007776
457289289
505127825
278709927
464316098
609883583
387726830
411234188
465725134
762522250
894864963
20563786
791184072
88622565
24914973
32185298
367791870
393501967
182430791
30596512
629815019
815669764
516528873
599670936
441445242
738936159
939867095
161275086
378576684
805022831
985165964
288878489
831118824
538483950
618464315
18412479
373043447
380566960
188722058
215632275
758626530
226242384
321538975
899841125
487715408
613141905
644737689
847207352
571327938
951580389
39592198
927906788
643549556
576279789
51133344
739686185
199700596
15386569
527993857
294667074
20270907
578731970
667932294
598181443
915480453
420377119
330010519
357453658
614647991
655587574
610274727
940943879
541101797
56187829
42020835
659725249
754407511
855528531
255612348
967784261
394274029
368087116
19266950
525868602
842907602
394531311
797744653
91477011
340479556
354541832
108916830
684211928
622407921
154195645
375502238
167105039
785875300
94329984
162469718
767835995
549104676
114560478
484473851
321854976
161420255
364916110
64347298
571943679
360474873
801685387
608285467
178431538
294073086
520616623
901539416
352523775
170010878
253570934
139825896
3862409
72361848
903655119
468405738
397858506
479815743
261069284
690892099
901857778
835161904
891996698
520750438
470395172
113579853
932921473
574852923
386848900
804321176
648657289
333658153
572585728
250858295
60876509
8482622
369430308
430400286
511227654
286968540
693428078
161381896
110063515
121476824
841447536
247866231
990879855
228779150
944114796
723357029
30298241
987602254
889782178
850408525
805241567
336340765
784795013
813163742
193779870
315997925
106335185
20637572
602942687
913510128
901902008
300225998
788829285
899540360
932678624
588199839
378284706
716930428
625174304
273199532
260550515
480222124
109751734
988019848
850267800
58007604
376573677
130280212
325479556
910256639
969420852
289623649
974040694
583981173
409167339
250484134
157727769
233953623
326629228
966261865
837513048
340191680
798860823
287832105
883181059
142760406
983296814
960613091
361914532
194828150
668438758
868667866
566150874
505762569
661882393
971214345
597332598
597114363
902814850
904804746
81921892
611859809
364604549
478268648
180041302
178680346
872802677
271344826
926706799
776095844
69483915
579982514
350767842
511321936
579227480
16240173
545218122
896504243
732802827
488531924
152086749
829771720
983043959
382254560
624877001
667314784
172381420
83436715
929508769
248426967
945402974
676697520
520564271
546782804
724538760
847154044
473275328
497477823
293509311
764568923
447063974
203013582
617253323
650405033
620651744
314634621
121782347
166442770
661726948
48836118
29222055
78849399
695082893
152663120
553012998
252769570
551899576
124008699
798792465
231152389
424525773
819125239
320421812
222774274
744607931
854697682
352490530
462984702
755222133
664200357
443169914
914997666
243084071
842774518
921645504
462491397
628501383
216863629
33683889
480465418
488029261
427370866
759450575
686688256
677053969
933618738
178849195
201431860
196459740
340393016
239368931
1825714
293561730
381703181
432104019
50216094
684309992
186988718
860637377
474753240
531784194
672939229
510426656
509358304
282366921
282579397
510168405
600055216
665431900
831949279
424830086
56647678
982604294
544782052
34010084
602869142
576741757
285111260
11337479
245831440
716709802
331501982
769411579
827187546
777203494
3950138
444165091
799045845
957536194
437443896
385406633
108810578
535314641
900055265
825589311
316080600
75515961
38481031
773616251
248767387
884068017
265214177
384176354
952598883
749727207
857434726
552278566
95255928
529825609
500842163
270090030
334060141
446382209
409692163
975436085
678569062
374445325
460854624
583590485
32615934
676587423
407302038
931382179
745527047
325620262
286916423
109977680
138022784
186948253
711351519
11596430
705588524
748473863
88599197
886603786
439068125
819442306
612960368
320026743
637338456
536178321
977037290
898039225
127858955
961250357
339750603
665843092
417980939
711472496
738247925
800193965
401667322
920984666
93955724
982457870
529727727
907375146
96954197
734543557
168852774
477160088
622732954
272135608
74732185
66503882
567573179
150510868
953837030
975174466
53530010
368109643
763966949
809418325
335157861
522160428
888782237
109122338
927776921
183034050
150740847
618108292
388462354
426424706
125327346
564387395
811719997
258935006
511830755
259937021
669202420
421234618
981297857
494439535
430937196
817050121
463888339
470952206
78013895
909344786
412848209
222689138
503631810
114118357
450913526
551235146
380460187
788044939
921106500
239088640
947031168
89438033
210334486
395122643
178618941
200563990
106234193
384342774
489753070
837824307
523096588
31365568
606163395
539236728
788239221
973196297
483174381
367483168
204492321
466188297
620800812
461146720
996911842
803023770
307657874
123437945
869793022
214986892
139210417
72050523
873539706
357147354
204087801
995988592
653440007
104175030
100569959
225708332
843189588
839004006
688063355
692086983
39621703
112154480
600814169
506157878
156377881
472276851
884129608
813784762
958640950
745304797
527519014
936846293
108549454
969492399
925799450
872184360
348664979
43876650
717385809
400575942
202774487
640230638
140290069
807127291
479733612
672659714
350130275
762502355
116852434
108142612
82252356
571907370
59117374
596073376
566579223
173498624
188662452
212063793
678000121
564676255
248265139
359970769
323031276
127280273
543625754
951441518
282254614
937227370
121964371
443714637
576571848
567080398
351051201
28575490
360571586
729692732
415624608
595965292
886966201
794208754
353189654
345828580
132724471
513690911
83234527
999098336
53625455
801202733
752640746
25112011
385902025
189606045
288398996
749512099
910349456
872058317
598519274
546238930
336090276
428613554
881210010
191266401
303684839
318465077
233471618
855139126
553640179
293251564
951712153
749839790
848579911
118323598
697793904
720786178
565917705
420041024
705631541
404305627
437131008
649902177
496371005
663876227
408531039
602272320
299152290
872003531
321692563
819832204
44545983
198901733
979140743
442573276
646144124
210428947
647230646
101347228
203260946
171291763
360007264
585557264
558273494
340392437
558952962
643341918
491996536
472473188
466926901
100866646
129570132
872914620
25815071
220143192
395445382
528245508
521825666
312859512
92088699
909798803
839955568
741399294
23908007
242661705
988224539
438405967
371117376
451249700
133331804
616374198
204169484
773017357
264101135
973975922
703471269
216718456
105752025
787995028
930985299
271680086
656330447
501432711
13142538
697559481
358692415
923829224
838565160
29101126
734132279
441407631
103737459
844906016
680413773
105861361
645600293
382076417
563247542
647163418
357654272
230468362
241055700
994294293
701860760
759297349
260089071
399190704
539727118
792894139
661599942
712334930
823338903
204911093
136132718
502093177
432145999
256365393
353994192
180516807
404662411
773954793
833206096
907112335
258387462
797187104
516493085
563105598
315370426
288547557
66378113
120192078
976794438
627947230
968884875
520732805
722195362
646214013
354145941
464643165
876752697
994216186
74701365
463118304
520897059
876000975
684287947
285547418
127888804
469787102
361813808
352282002
22626921
329734439
303355223
520278575
347824239
614185693
582483756
756240131
315868406
497908571
25800187
529131064
599036047
467634073
443422638
353262349
176745673
856592965
254221254
47649568
214190899
635595079
317359174
94891563
69451025
69981550
143818235
485119022
280066076
696953056
56983586
396126845
895341739
676107848
264498553
420668223
576550711
967611036
983150339
847810294
526822223
822949268
174119368
344123529
546038049
752531139
834542818
119124905
470549036
434661338
451691701
484284664
492052380
79293432
694250312
390709321
8124150
577494645
740935948
18472893
214911327
561719716
843587617
397625616
991418372
547192082
875798232
558897060
233727318
71656872
929532120
388596264
427717037
129164173
295663945
38341473
448359363
266158112
594787851
663827750
277745947
496161283
81103323
439675489
363443236
117905491
272604637
689506100
430056312
671702414
391383242
350473433
307138629
939083019
291244933
408870920
63315941
965702447
234238158
103648307
723693367
745085176
266527832
694617169
855696773
945206340
288356528
984302715
397511550
66132816
852056055
173149475
508371786
418499516
132322124
560485148
551024437
668533307
686181049
697068203
825092200
646650695
791388897
435534985
34322223
618260261
226981571
66509746
250403655
559942958
977704286
59617049
393782012
141762041
640642182
104974186
963158427
119706368
922232955
508507876
781086420
733379855
532615128
788947469
25636301
922766997
271986037
999245998
787419427
308856664
910356173
81948658
302256836
411125186
525683010
963454318
137085827
561276943
566192093
807636677
697885936
735013915
676651284
619456225
690008563
225717837
850183520
957986169
73295764
371422418
966384492
610554447
716075957
897211803
816515855
384466546
678821384
922454636
191487680
257303424
66923157
3603453
382167869
938120653
395229145
470859512
705338837
207381929
788450929
864251845
727970109
862887243
550156794
223713889
475740210
212512565
836726271
298065494
639659347
988593155
571331366
431955670
257448230
317320656
916871622
824926054
989999358
799626885
69081975
409657837
834170872
134268581
818767087
247503114
976983704
143191271
395846822
705573401
574606860
86224146
261051508
216179146
784387966
462631021
338130871
233194092
50573990
273517564
874618981
251346868
385639412
407008007
977205933
463004523
376348837
214220221
205825557
582098487
578726837
146849392
857837627
819789710
903373644
156586319
532825272
205176226
536184649
193162113
809125972
727669335
394199286
320702658
695994715
786958336
62738803
336829955
452239783
291593190
349219851
518788887
68061235
106016895
893700764
645933172
800616967
833474118
163150846
291228303
720964549
360906215
308359723
374918157
215004114
199960665
859917473
535771069
771204992
185065441
50531461
848417857
162109767
85397800
538479574
29411895
513612688
649775020
372916517
900266936
755023556
320115310
946076659
958358029
794849305
262142625
168525860
662731967
283716589
304702941
633752431
309023517
530075555
591414299
660331944
934764906
93035079
452942542
966160022
738168147
161127009
874169241
276676175
825543126
217543333
868874391
863135359
146809463
816749253
142936038
954817498
916050306
952942875
616140208
986505786
67531684
835916210
268804560
315874063
378172832
39090666
118461941
529096267
162593692
583867218
739709904
748977575
400536849
604627984
283870147
46717544
184407141
65691666
190730150
433589760
561584041
779601651
546709707
559747078
874355103
278745708
660012063
645333327
67704189
948925752
720450715
668962425
543146041
397947114
703891088
406842670
197802930
177525708
308977510
699107929
968570559
547497196
607527632
43404814
992898700
866928804
236685678
639864573
708942043
223711044
495548198
386520465
785899845
120309195
905676631
392474132
67137144
878347058
516430282
723841172
929580371
659995754
775616733
228266316
333611806
975978286
85192972
872308572
869096994
153446687
874637865
16213052
920935657
713342013
967953305
503853092
225088460
111017445
151412351
220393259
307157145
192578596
692250744
778456479
948685079
938287363
395249913
595343006
88107400
755149891
180085707
238499792
255369448
723117684
874661369
527070600
352580412
961415063
536644266
340987474
235856791
441617647
290317286
721129865
71258426
586860254
336657194
405059426
920375693
830677712
974976676
874710791
801904773
951548080
11381822
642701487
927316033
304226432
252178858
303502027
773722335
385316815
570153585
927410510
379607607
64240336
978811905
242927591
482456308
827241682
727137068
655649808
912721286
438278622
68381343
480775374
428126109
369247746
911438048
110371586
880456358
109786232
203374780
854049464
526238764
11649971
270029821
651782618
884812231
39089218
42761719
708167761
157677834
744189099
161109676
836708045
526022260
458808897
827390139
279104424
173243308
957571483
726683510
790253290
535631787
204736976
941647889
595771720
946186495
328978800
9510683
383303041
141213418
87460051
63363299
406070317
490128259
161309696
459725103
741443015
819019002
533610605
98864642
544861298
995264124
912939088
255818024
105271228
902940644
136173408
683879707
954667977
656521891
209388383
325135342
842896543
492306439
194292282
525970929
22482571
30162138
333319876
858952138
530888091
100314689
678476039
735672136
184623070
287922095
429944487
324505836
428254976
535071217
968793255
181381209
411422321
553667799
50432689
409409595
782139591
64384261
496949117
369754065
874750482
596464072
837676556
444800578
176363726
335598580
949950049
165683315
204590297
286127678
631521357
249552566
433367404
511091503
367069102
682527401
508332874
443451890
259198207
26966136
844346908
638562598
259248769
51120000
650813380
283689993
823536896
38878194
82698887
392483998
973073479
360198674
244647969
286132522
60735939
245636973
609417497
754221058
500727147
693442811
858482909
773591456
366400339
7306853
219563419
188017546
874384391
452924194
422237207
217698966
919036998
931516739
97859127
424295157
165242462
230909501
130663546
284018936
432817707
452268081
428944543
725311595
16966977
507037441
156365864
789295511
901881308
819152216
182296526
686667886
374053979
709715016
138022262
448230582
574244715
55018528
559078073
947144962
651282993
3978255
679214160
989816094
457716438
984358710
727595053
472532312
944727490
165207337
285375955
761229262
738919021
187116258
639598841
875778588
590166170
266173180
780503265
830892001
793757620
152755596
131183598
988654216
495209767
154487728
440845672
332246305
308226262
578675503
94288575
544743588
319866303
704323137
210529140
702078215
524792635
318957891
662052338
67958146
611682614
284240904
915859362
160313959
152147886
176253191
507209111
618389657
715594255
747464266
599097325
219618938
961651020
671571839
348142403
672629221
326598645
411886032
635571350
528834838
659508703
720254509
56774500
88906650
550409519
92252464
617939392
544848330
524696975
649441809
441287370
800271982
484957521
596175254
165406085
120998931
64995707
132123276
84781028
149232357
58047280
284126985
349063873
493848707
200734251
381886916
792017918
844169199
526597040
564054601
575001868
406324306
30883444
59212876
707501872
158997267
156331648
392576142
376985070
798821178
640118620
413074164
373997704
50633157
519774674
330974315
905688671
116803216
80059648
867115557
903147256
715986949
417629371
266412177
181805921
148302714
142592683
755716456
225009484
392643131
179370219
363333612
266614494
489365476
578540386
59513058
571576142
254301244
834508399
121817917
370583503
975668032
344959035
176294681
249067031
600700678
12541224
587021953
359707796
295459420
111773558
391749016
963492486
343477928
745230380
74226720
931449573
527845547
397248961
396293686
378229860
952635072
328825634
936103438
301360629
239384724
32727860
236787628
977811338
456162047
807341669
480478819
715393972
264540411
662732363
318510888
218621504
772469061
218389573
260701194
333084647
562626819
595947663
417269673
78327246
212070339
178289395
555524975
296246734
439496714
172238738
425270804
858615627
471593428
988291586
75292281
574006496
866321726
214133016
599133153
790077662
883954071
71183370
832423405
138747998
362951967
88832345
823930835
437630569
785912156
335885794
547122396
928952851
27631298
509095825
920133111
854334030
827582691
813924263
840534857
448743143
843416504
758615780
452699677
17723943
666272855
933504053
56929592
171433804
753352695
891739683
392770487
444857623
262189997
74691702
175470293
643445661
211009421
820188610
156819748
367871887
215387001
385894279
174488482
489010983
283354123
376160476
890197506
766396788
414678277
997786128
371514491
197896688
925476201
727294593
97169654
261219102
984157763
413048322
624229041
544909611
49201773
65512742
999341884
705956470
694855678
282732247
167435269
904378948
342601421
712679842
940331510
129216026
601021551
100388217
763864313
88941101
379877987
813632716
435517099
152899242
379249148
606318026
227514871
388223443
671065771
405491315
378062202
90557651
851783378
558632618
271156663
427497132
930305812
550433253
582117041
366038083
520973224
691950517
266082646
488530170
352226232
279859151
926017517
445645300
67448391
433111004
953751401
578968246
263309872
894432929
494788540
837849428
409577478
895021187
625170834
495633402
293777157
254413317
894911238
396425428
437662307
84561320
975744358
923156536
674226160
426356449
211102845
932606701
490749273
813509299
831347248
954512798
674412716
42218733
376994514
514146483
271880472
820884234
813394450
590136873
982474082
712059158
368990931
845617300
210366940
713493260
155616478
133745707
889622839
177614905
830323838
464996656
382091012
8468396
659626416
351982570
234851700
202372810
357238325
155048796
832296105
486328242
969119270
659655298
264014301
829505042
226008291
132245552
549893645
794501549
405410937
282881191
139100055
906795265
292498904
364771135
434273655
352672674
339713571
2316345
574378607
848697879
330303384
862544743
316355564
214446785
342304490
763037791
795595874
446827536
330391039
676450469
169133006
691362926
968723562
454729705
145050617
507917769
324202234
68031009
709239148
996248206
853828047
357209511
517331162
693035212
335612269
45908788
827090509
94425351
486893401
239857870
341458691
278086764
238443876
633496764
528751013
563849916
154481663
782017691
383369176
247806765
600296874
796114338
973822153
210941836
722260667
775540458
812678165
969695246
615469302
281811800
8030661
772586726
281837374
454695093
857864126
627448155
274608807
290325963
76784065
29019639
948511421
536640283
381354194
390056182
229407690
539499275
493780202
158571928
255987833
609496528
550544727
82844193
79141845
928088493
895745155
431722151
126394615
290957161
820998471
388208750
155388801
384221445
193733690
782219140
420540982
695876075
332685888
951670658
733847535
849323265
144530934
359290897
226648972
491222047
877487969
185949584
736082014
595620061
231993109
395883567
549874354
227888924
501956428
419405904
672300377
100652026
716869669
98865290
564888751
303110762
282273165
777077135
296030175
114383994
141329326
136712003
855565908
474472559
888219325
295940619
922415328
887945655
447400509
465187153
182255937
516222794
577297558
427219596
938609409
707954793
370246494
933458827
384116372
970839529
488627249
880576845
410650761
19149063
116181148
92977740
672885417
674674444
347963026
72769969
714557410
193879632
405180842
959302386
158663735
753064652
734725278
81695445
939982369
779344959
876256393
164735848
22921568
270550677
108514607
374879379
942226882
152110803
930763506
569611327
717715923
908505901
911869682
443079473
109598496
961801008
471145548
694127274
561719582
46892119
562293898
662139108
50877734
753175357
764949653
468575967
112107201
465416952
121111198
187548772
667957015
332570756
149876370
477633440
769817132
249768817
203036267
636584784
506013988
964625694
552098337
761568146
702990779
425396930
886566002
93249830
426190014
766470330
52642309
119536385
330781349
992888285
74536643
86554951
742978443
984191461
312400596
186089168
205981085
923553017
489403066
304398353
487535098
445657724
662293551
645134180
564647368
640933432
322053113
139382080
413764907
362975298
170229693
366996504
817368832
40575905
31243784
385177607
174721098
45904635
850337849
874283680
71437171
330887016
354699447
771983750
253826109
995724104
465738425
308486700
248549880
639787691
996334309
556058031
426038022
621771063
372893519
4508682
1577596
834042196
230297946
810732519
446644943
237712404
726324655
572429918
691639132
806373038
495911447
616104701
825079401
254948155
81132001
782527679
24378488
264427932
912608284
750177839
871016267
722294463
869355420
953017043
127272573
318952896
454256633
281326262
767935082
527851117
570179511
456025193
163403727
323071579
158867533
344465550
908875056
677352341
377635421
489736406
698328961
866334942
163149058
398962342
64825037
527976986
892123014
23439488
685167987
648102349
301744076
708613650
720072832
287906401
853331075
864194868
939556024
133394079
195628788
528673762
900134554
398600296
690488588
942856338
724986589
168112433
794139658
464858306
354878154
980511422
43119700
663808966
278660260
448436833
722914631
455309723
806349537
137705605
432606506
59491904
423946593
209252184
315574589
219810011
953126852
798225179
11026658
207270097
948229971
882554027
937504064
248598862
871841286
89038144
43670259
970324652
439318243
503922609
288881642
271184501
833983589
80953804
165741472
478362427
206239198
413783792
892759726
349704554
914103280
147422865
48127547
65389428
808347416
521274618
912101984
282275686
568873433
202432978
397818426
765344271
804840759
592851245
704137076
440679230
119842608
425914213
336541254
109098906
66510454
338134946
540664494
942842144
657142734
497514433
325163217
515013968
529395554
274175897
274916303
438984060
56176800
308671708
822785985
182683863
989413253
595973298
467794671
292445003
125751921
419621964
775300269
137533035
300168196
673687120
879996834
895608720
241909483
780354223
936941498
779361813
317782803
189214287
65997813
587219040
479647865
439491858
177780291
21039984
869560522
312985025
15531460
728990140
452265239
210087509
324689525
462279898
908715214
733525746
346775506
5609531
28611864
667412789
619417031
290640553
79421429
229481092
921258623
949842155
257029033
159567592
477219792
434736719
350904484
221658555
981506501
355512349
953473243
996016380
163674546
2979189
754696591
439604631
587815789
507636662
915916766
375573693
106653281
664169030
458538410
670572493
989371870
474859413
126319708
88962171
864264807
928414781
15171027
683552467
24005586
777132178
418831399
938616148
895980954
181684477
437811374
741658973
619928050
821519623
56265372
307009807
232412705
551067674
607498070
507938012
497699689
986535172
209952253
840582908
218446149
349508073
200918880
142229997
676188884
292480861
99083824
500090755
43232586
90541847
263399903
866820548
408902194
83784954
73247364
404989261
215884028
886215399
105143907
956486726
892836935
166266911
87095188
128937194
674355821
947582663
85722355
241891896
922047767
900359337
599643836
616735966
497221981
245938474
295000867
224781779
95925647
88596696
376989397
361033255
393546754
150581877
521451102
780005252
822562487
455977941
469833941
462629427
344816657
612884271
359564838
30285009
648976670
435104784
487615894
771792935
623845820
357782710
755549278
350759403
693299208
706214122
522056397
467994162
317272539
942228577
154741839
696359994
427898724
653433163
925264203
971880225
592200681
459428142
898479060
258774822
971516413
333901683
943573110
762814435
777373402
569625449
827388522
128560202
580121657
214524527
778085764
607635315
153698012
846470840
715714445
581339576
656590439
795829522
824051520
926116242
328624407
625888392
980636282
68063908
522106398
191161659
641791572
170891065
990544241
89208321
164137272
957411141
912747943
25573199
999386836
246497963
385270636
693039853
661972441
750579896
947171617
63564679
52844580
935929627
614898306
391904823
771949600
796566438
253083252
489702190
650858206
514086524
43284460
66808117
463570557
453457317
346108246
751572307
458997123
596325886
796408902
122501401
25366455
45563166
987693427
516821768
237546059
529177659
362619148
457437049
911450571
9599947
490134989
64450002
142747708
633783324
945395350
37148048
867095524
761123468
440553713
188010429
160290617
620989097
973387237
102115976
145361365
277063246
6295987
685458887
132903730
196473886
851133479
867804476
627222566
760523059
612531654
496696701
471992169
699388375
170635760
476622826
231008065
152160915
543641817
787572810
25893381
530518682
815629571
792806483
288744635
7144486
434904622
939355185
228444704
821510768
384060260
313899975
453616473
214076247
432587756
374015906
230497722
828811635
17186268
560994328
367700472
179006585
837797998
905055486
786701446
902234213
406080972
635093088
77976362
724820080
627104040
341567237
796321373
812647818
745992061
117237632
499705652
177936735
897127564
824738895
604721700
431868986
867614971
937444378
461126406
286110019
550613297
514615008
867155701
4995822
235637390
549865741
208619195
473248502
595871268
958251968
381103614
212300958
33433122
421530056
813214016
262639725
486528689
748395156
163443255
976855750
771465546
485327401
293381340
332974985
154372891
380353635
35389026
752865939
371401220
677761792
10782983
40287683
986224584
18080671
870797574
887598993
7238725
327534845
980908910
307690091
504277020
559457758
106157807
970623289
923845256
746428845
522447475
477211590
700318416
870484251
265121655
202495019
304924090
364018509
319326985
141657927
303848477
977306439
859338788
291967227
457843378
908221772
729541807
986046408
942853322
794002747
256742170
976919439
532522458
783683880
513690545
440830398
944013550
683622583
111814645
793181499
773793358
541388405
474411847
85664626
317720548
345009420
125426963
193325593
199946769
597433123
762820736
594685770
82066968
262010375
699028990
846902515
435717974
324520143
996396108
364540163
619545360
495436486
926483499
619052318
645020290
330498553
358262812
260631497
33469601
257990107
719051455
401959158
492192824
991716089
268206067
48182954
159638267
491915382
552697653
341480045
263694285
739103591
269819152
899865463
473175990
797692102
755906236
830926242
396111555
665773898
589847573
464592427
227947955
659028272
556854260
500642575
182143522
858930047
166756866
234033998
900960667
286719069
328074139
133397171
33430167
141469323
62837852
696959177
598495740
365224623
698448499
789199686
95984838
332852866
166401542
560804599
463037315
273541543
955714641
423810601
883575381
515599795
734934018
211094432
228355527
846427124
732119814
597208145
328921532
960566347
827213555
341440443
179510761
925185632
859796010
217402876
205276176
672212674
642639049
215966344
528124246
99953502
750466308
172514047
899687457
916971814
454357770
135778597
109528794
431936927
694795338
736281531
342611854
311218549
509863659
934348231
601905303
214886141
502958600
333620131
673514200
713036820
483755552
654910272
334797439
399345527
525572214
970881389
852589429
482453514
699950671
374601048
395601086
28500019
444784079
384640973
254058643
267104180
935542338
763661459
583331255
124225708
245341415
508400420
721442105
913979647
409650465
76237842
146906590
560745951
748720885
396879299
336734587
213583816
604105056
112935003
331802003
261207031
693057823
655659721
396785340
696221588
348002228
811006962
341038648
78628988
969033004
913987813
242028940
832554799
431116636
957072644
578968249
42574947
211522722
170301810
902350840
102574233
101716184
924519965
181675649
46728652
859544004
780718832
791720293
826436451
638648217
157652159
902350885
245591689
699075692
515863817
449898202
981976264
706525234
616624060
240338536
720195999
856178798
642887927
115057764
569793218
230997451
532797758
853574813
409522224
110369531
924702181
286542419
196547227
216657268
894981829
869747908
229101024
86049937
59126171
109034802
641660343
997645738
691433250
878457377
316466551
315944753
287163247
897140303
56208181
473091435
428360808
549857171
670654518
651508144
772325514
165173286
408404100
872021655
771256562
632644777
971480136
29651916
21233057
738606061
721895931
67586879
661129263
3947651
430777950
22417793
331439472
597942185
183593878
634699025
304681845
911933427
250636241
410625409
592529144
305654092
372185453
515850650
421708160
706283395
735102383
401341465
711319570
921446524
899266033
912551473
612299842
650329857
534364731
961859962
767307639
798825128
139716187
438758812
925343490
173588333
155891728
666567628
932191303
817992780
201238829
185810073
845379599
405162000
592617087
616026865
740245295
792069363
65294240
665835807
446362401
724262737
219756403
341893738
92042224
796892571
881623317
880684194
389907883
762412049
91756518
926422977
921281933
86400823
50166120
88081810
987903396
70040578
89980631
37230344
875068265
851904231
972050088
280070467
616817014
88088579
343214234
889379134
390092442
283554802
782069898
874923025
820076564
57951503
60528775
350391117
924028783
513381824
830014420
145319758
345999327
876040361
290154689
574422571
209731395
891095427
10843191
586524887
849881290
243935502
231661803
636373646
179988639
586689298
590582397
323442673
123923781
263464362
965059293
242794818
933396047
971410200
739495594
670234964
265392418
372304581
729661347
883700668
80749589
341943767
380472771
879705384
323266160
656810661
988993558
47233783
984808466
474097539
799200044
99078949
550321786
813319595
482977755
487851501
119122248
24593805
679068567
963156377
473905962
147397029
768582705
938643827
549934469
519966507
548395769
275542213
98808420
664225131
918014964
374054860
498277878
345517869
498630434
558151411
688745404
164686236
117894132
674400665
805879567
880044431
876575444
294769315
992971057
544701923
910262726
663227880
41646311
862809377
712201151
897170442
849325555
548106759
356947877
606323084
337007633
197638659
319955151
508350055
556434477
24960763
798838298
157498056
435578296
652975881
260469381
291185166
422990118
823225820
409219347
186241173
385918790
289463435
338698490
967086118
984747359
59458607
628534591
295626855
576202270
289820985
703443437
437037239
641603875
99052244
997100774
705406661
775961461
111756826
876966247
507903775
292043190
877939082
90962399
37551492
231128269
21161100
268415237
180789421
126990282
23101534
19641634
832160280
312929970
588523276
790512004
550317894
908114714
675275928
498246154
889644728
346115282
979305271
756206380
859839346
246969602
651436785
163394668
725407083
388600439
689416931
79680422
342468854
182962048
267783528
596671870
9930008
192839156
530096919
76457050
276646743
90851818
40821702
993157527
189504847
157667826
891990888
757092171
35622283
611291079
907166240
880065099
957034103
720140972
211213357
871797906
511381420
412481455
423794054
730288866
725839829
746491589
182779342
296363020
433887351
686583483
8000639
711289234
543981773
870849686
343230207
95020927
394163724
900991632
106761343
247746709
430421566
935240793
300557052
120389287
875484111
448236065
495783328
796475766
118980687
643347745
606633164
495396224
721272936
258832277
503539043
523845254
921053625
556400097
822166605
82635564
4538847
365328026
534404653
964486296
871900565
990390723
529165416
62869322
791884606
149171191
818347559
864601641
90091402
471137461
220761641
952449848
630744337
62853760
804960724
484737238
797343278
811399627
569318073
974588923
920492579
802223282
76051853
116624979
527036752
136387081
458055818
316350000
456067133
669542520
737123147
195777318
832664991
761681394
36266481
834038451
45484397
365833336
564601566
110709860
273248151
440927832
194452260
754716233
515623603
757870784
886661016
939887959
955968000
766538179
815311011
210529389
250608237
480060092
639241774
262464115
359592352
553561627
776485516
841784776
150249432
746644494
154158826
605378622
531755923
918945361
710235240
152934804
318925533
236553469
981060988
318594487
384344144
349372064
154868557
519123071
779964150
959017499
300593757
186827432
466405989
600335556
400678564
584550455
689395396
474863949
664770445
583360668
5602517
665330989
913043866
714482492
518889282
515224209
696910337
792105916
950751020
289414621
96078905
1946763
120897102
695745981
745848282
720348631
509870139
941428262
70838715
600884822
807237956
172551988
243729959
174825886
268778990
591530369
420360910
960450515
707130626
682522428
906039245
697399447
718617913
858268850
61260237
432054010
254124353
292813884
949535310
246324525
298015907
667150819
87957623
30051389
720925323
180454700
847972076
824338390
563623331
994633232
610548671
462016138
433098050
297707075
363523826
176982288
381759503
674949396
876710317
83511417
218150386
660290636
747527998
398760000
125849140
310981438
783912563
721094676
125931742
801149403
493709830
163041643
460287573
660886536
452348099
157145562
844393907
98772051
267507040
793720729
547903711
559606077
639128620
793417859
922374347
898401771
428573125
10898331
640567044
405068219
64450890
262243745
805368245
615130994
749694117
565448990
608530309
590460118
242142646
547827467
45078908
401216554
692729025
222622238
45054655
268798017
821049404
896575505
656995263
762858091
475234337
739147339
891190687
618258863
75589881
484372512
174225191
962610486
431582768
250973071
428594518
402187370
244450108
948694518
72047445
909432226
262941608
758448130
706506621
567781507
532039864
417700183
448021161
697350318
530612003
237667369
19049508
623540252
73314760
513469328
404213979
488249552
597604795
327123963
695749522
500667160
942493899
240173466
904970643
236999727
766271051
332355128
185140684
775701997
563457916
487377878
376570677
845924762
881313657
426413446
976724714
577802954
451278199
618990398
152632066
973030432
189259519
273242134
914162090
44705221
189392568
907562225
910484890
303168428
150819529
104919607
64200796
487816555
445015168
147147914
317455767
572720770
617039497
596384060
405545145
481877349
138015802
904885580
447654567
690221861
172465831
167740152
612494349
688380482
268606531
325752055
308767327
473115852
957842055
513125090
726365362
938879151
559312767
313153913
420814180
836791829
790762794
25745367
328493224
557373183
673732886
627283412
950187866
246645978
771638791
698948724
161337872
974751641
550902839
655790392
102920426
872723898
921782085
574994521
423833732
675351697
871666542
603242217
881902919
388072419
187365285
462704955
66559278
984305610
788996525
789047006
377879715
504853348
724223463
932553699
114300637
191681143
598138524
110825852
953381529
122487094
331459607
673176524
245639878
303184049
682216244
737345583
969899117
340124629
966873564
354467858
477116820
470233808
64951692
486914555
924763632
870278737
964591123
424131723
936199883
964534981
540090980
194492399
215110727
435940421
725610699
212548124
751265040
424808131
446774362
469822203
270567240
408200073
526112732
643440863
343132065
394201428
536457364
381460361
899934820
865231073
604783322
206314516
682558958
54244175
510105242
113948386
215436849
881468055
936018165
418831873
666661196
886219509
206977283
372837551
513601526
872344572
930624338
285523039
451674969
830486062
750520859
837390355
747239065
662928038
910746658
334845539
882976756
180368064
788482005
42627221
147988426
138909788
427310863
697882435
330202472
464083073
742749339
844748342
225178762
117144530
91551353
872156643
707540705
144513388
245396051
901310287
785569952
528626131
784373139
3866593
64814352
177276096
802955081
23305069
434013849
173973387
241293029
493683587
529627684
438759674
143020559
11667867
173426465
516905817
40676450
816960600
33380992
153803089
140529104
679808412
251314179
61607082
627491590
434992154
500739139
450917540
34117143
909097639
380610915
632840816
124095294
401975408
73790427
907775857
278306378
623088486
117226559
147409584
40701250
799091399
61041071
654202525
887446405
892966959
238322479
713376969
968082363
189172250
222167430
176910536
790045254
896513858
405260984
516785718
488690100
69785881
767436038
765563591
383293134
60888035
977320572
962282078
160788382
287750550
173653722
696402278
737045298
68045305
897069858
128282923
648424457
614250831
276440884
256368702
624401801
478762060
352160034
4526866
385871343
389823137
447571208
15396217
466282271
721792318
836400824
583633539
805207847
477629190
997093426
589743370
466187905
177081431
218499814
913816453
344510104
277201013
92734570
874138179
153956034
255979849
202195912
267196603
280109054
87296606
41147795
670283720
991492373
158294674
557060147
859198116
553407034
351246133
344326052
34145859
379480000
170869557
212454437
20439381
276827930
941956078
370629386
172644831
830922536
867568419
210232731
15459394
994922004
986783911
281584636
633364708
814832681
359001124
466947610
807043798
302327921
97865121
783950456
571668784
844118010
889538247
71781500
86964225
123961667
965744445
87113621
890834965
932930562
255536411
560345489
714453598
54523699
536424215
37254019
124336767
553585239
222828524
269724895
693565305
548039324
138859100
567733192
716776364
395947865
61016462
809314677
974896067
502298453
536121826
17245829
408701798
578681754
526640920
146652198
599982933
314812561
702971238
6384447
272617681
383116142
368771767
586045856
128774367
4812902
414337564
441535809
677961223
95918937
996093347
485611073
177707842
354750773
235076179
406535607
278276344
603926756
799509976
734810335
772539596
865986240
241862339
642979802
683602075
631728687
158846675
224025738
846284615
944810816
762371223
650310150
656387757
928072482
850790009
340349152
922352310
547644806
41329578
531651186
97403194
30812088
335024738
289391245
503855074
990120465
862105038
64146894
78580207
652166494
697558847
978871008
970081371
458695783
571543620
157922841
825172435
927005331
702392294
112070661
449198517
149154672
574158279
879454354
25954092
68169956
887655017
70077926
55107063
322344316
668842040
664637647
391923191
53211740
680352108
61804820
895395083
564867808
915967334
577644710
903720728
539594195
563160978
453554767
693511614
46685353
128890957
644226809
288728709
348371755
459239068
709441645
241185845
2598646
38362839
711884469
690828329
805575983
581761936
803638481
678064235
845422143
805465296
331760113
751989227
38404793
418516399
617041266
793938760
366195616
712725028
876523162
380557026
649731443
802889624
575327598
238175023
575223268
401353189
158012356
308806644
451221232
872792646
205135178
282230587
906016957
680121479
781042391
213180271
91103089
563601696
523346498
526170923
917665178
632722520
438001602
269455421
610039191
723452052
929872294
91082599
471701411
670007140
718875916
947086485
326608854
370507554
603940267
379479762
517582871
958497369
844712718
455114328
189396753
803229944
361739071
723514878
951297665
623507891
375269970
938578193
154054482
625976378
97027287
975566871
376957262
290827635
547689860
428491062
334186018
723626033
452233477
509783046
544631022
520848309
532125283
407313910
278993487
263823323
807474621
777954014
231134036
205859787
827072340
449348693
290785383
255413626
384266499
140825002
2891906
758170785
725093800
137459228
951013279
892738073
801526446
365960776
339351709
130134684
390020016
308258745
484268763
241443098
88547532
625689423
864604282
247562678
287915817
639000378
284193251
909762654
65930806
468740727
327225891
99515333
405347754
706202660
501955456
729337376
891729440
330363597
509183782
978384875
549235263
457672751
390158891
261517414
451944246
947688166
114262563
269104141
282240986
229207112
371415750
212600337
341379926
368502774
249210660
342252518
838842101
219585824
964997249
342928807
849198393
19871932
13830433
949916877
663028209
410903493
390431935
904614529
688163107
736597300
748030173
821745722
194296302
356398729
727885578
598027761
234466041
534052922
443516403
95147203
706999132
642467955
37148665
663542481
361391651
147388920
800419693
330117006
254987561
65388283
542301967
694645835
646455516
561042132
424581821
289064102
397398024
264537262
18600524
463998773
18519578
526879816
33730625
677246021
916031997
536409584
546948117
332810503
236863885
574391069
633413605
704367415
357627153
561265107
331530209
333754777
283113736
480532145
371401809
115299057
639563327
175400273
970170330
573124307
36130165
478003424
348043578
863064947
187614593
384236743
912809358
754006393
49970713
702733879
993293262
530543502
879106678
811720811
256290448
357135506
291162924
124398059
495778981
707748020
723060108
364157015
248282895
34285859
421713309
373600674
868762556
144838797
738224054
769031805
240945845
976379029
738088532
872348063
251885533
816445221
840433807
358142031
2907961
206993345
788935868
885763186
687788381
295569610
473365594
384029098
324311053
736674527
845151863
899237100
462734367
341411338
202726512
806750106
868958217
908333206
878369411
701542556
907778393
114542378
518166878
10960348
450992728
867918553
679309310
943692045
95771492
218771358
463680066
390974367
532114594
45280062
470386474
83859315
127017216
199935443
573136446
146087454
583742763
509117733
306444247
520495664
42010595
273792933
797762961
24695758
779656464
166607959
585420693
363500265
473324237
262627096
439039340
565045149
739022364
256606794
601962875
301161610
273758511
646423764
660177726
327017901
995405244
721529483
492982855
842085171
512907526
690717580
337001813
479673542
818228587
221064042
140898183
980497594
887219884
195115018
80855496
422162896
172461447
805772571
960595057
749598311
18075876
649056177
544149674
612933565
139068272
675171559
784670556
269558290
6325830
367917970
819111246
346701203
152619736
292248046
788856465
843964091
1357145
657422507
27669164
818833390
529771557
831848717
372491560
136990163
955977811
811404663
180202637
581898803
446737694
210070120
432734314
155867519
249887344
7381515
996067499
557310252
638922265
593148209
9895265
103152808
901566798
565010199
436563186
407764605
431527900
115480517
398632029
487077599
372527375
896895113
410179452
224703232
762275627
444468303
611406255
15402946
427050157
962628729
333269826
801708158
634144800
129565574
437226167
361512368
412929092
225228139
510770014
681493616
996609734
905056694
566570041
681735891
107867847
525729807
470795693
351288334
485390473
926959271
193414120
143681148
861761136
178113293
64428147
27790793
906239616
443742111
449686134
484498643
565979013
297963020
624526124
909457801
356564205
411601704
795455329
636796646
938585678
873450874
342629002
835196883
126048749
825315573
975236876
71139765
172864272
782196888
369680930
293192198
479491447
428285137
963374482
103070465
54783087
928563135
412681172
752560936
981445869
456188437
870658400
713047350
386234249
57619448
637047485
345901576
433809
898643408
899263870
759745634
649917578
617773468
214193703
550354460
330438153
556233311
425536449
923499196
233534457
745225735
168462951
678644507
824074180
781870673
90221288
504206357
905102675
144932071
977002397
475306676
579958193
668525964
391060840
300130273
918381307
515304576
938006762
340678583
994303502
332139519
262345032
174538627
665419930
949228713
516182328
725419797
254182148
749779918
432865395
517460871
855077406
847758660
43442260
742904285
431791585
639448998
265527977
201747008
285209521
959514186
740967694
363662773
601821197
527669494
9765399
537593239
291567927
217183295
848455770
854245626
926793931
566948120
83593666
688075711
415250728
559321314
890327814
328563051
777021342
670182008
698904090
936116589
123857531
562571978
780936761
214962185
124782824
903649537
805308707
653304496
892386747
886727423
528647975
907935502
419518138
237483364
716901596
89431016
994800373
277127001
796618358
653725416
252168371
479106130
760750060
884755293
840377589
295633230
866107361
986266454
378157194
731638620
876403677
826111601
322063715
246138125
688710266
796139804
502415390
849200648
925348705
864484261
862285543
204961737
601468349
275623121
766638863
194527143
695570064
914529026
64780898
190151606
678539332
54684248
286827434
152625635
94918686
513846093
866403104
958793099
55494722
404995202
266196638
706592056
484612382
472496822
616665383
731570954
944210537
405737256
824728518
209104432
53643160
129877876
312308290
590849676
419185799
15130914
97037184
223988726
585069315
985129957
237125714
134987100
213791582
236823131
666494089
432775210
133118421
45485637
838843719
530486860
946332111
324661709
482514118
663087404
105340769
119072682
295138422
975012292
982455821
360779882
244572905
951367691
883175317
84679765
591453718
767070367
982178968
547302908
457048777
339090164
735990980
826812744
440386841
743400901
274255372
355288656
769016090
209453538
10467086
793399970
911763633
441478713
309623462
343552851
178449840
15370725
456817703
133000855
662514177
904819518
384559367
179233302
158331814
200595522
133401646
696924955
969611530
57838465
864470236
760345385
458783329
464016213
905089555
369676674
440920185
930976273
427899315
996838758
634074712
806642028
675124676
711484049
293511265
294408296
561631089
517904093
624808106
614199475
172571028
73190605
641112680
90794943
200426849
200806225
871167176
678967623
85130745
134335781
373699602
224820152
385780860
227854829
909095065
831276931
349015852
244102160
712121367
759648006
24115269
75716663
61840531
374027043
409979076
256960298
31355503
293040501
936608838
127518294
168866773
371411507
481139317
317699831
463082616
26443899
434340197
429676123
703068476
68728944
480427734
329867947
952810472
615670062
939546014
871249408
773438103
944572042
592479177
973619232
552721075
249875166
840492687
15284873
639753569
419725235
782821407
98124418
479141757
439736742
28224322
550490223
285471308
53717943
614751907
153532465
382465446
843874673
107310449
533467826
180967086
147838056
852383895
518056676
162109576
496826387
984212782
691348774
899641952
707100611
166213069
559284924
857487059
46310184
296568119
257700026
203451036
891739320
402050888
289464162
578589065
440166815
869462354
550069720
373745798
842934913
855203738
928132416
915676355
468839259
60472881
863864082
90938168
15936104
950363636
30551621
758086154
888767474
726490023
676862130
76794552
902454215
825644138
749818765
18191489
50635443
757343619
773019210
870745288
357872972
401035263
304109891
20556383
445108926
635902659
88945462
706290281
775202174
474376258
219817214
381303967
764469246
139708972
626955581
36307362
656719912
755354182
844869927
808629099
454790299
919087701
729894765
651446240
903760988
90379564
489342445
955249105
621495628
674311764
634948799
333214471
87225848
701091577
913563242
702774930
745198419
693870002
90025269
679626956
63779271
752743920
747792349
561185542
733365346
183721869
323117235
311022614
685048723
595647319
311634813
602728353
87850526
355206122
457646246
469793345
292867951
846043960
909467131
360944926
89329767
640595467
363800436
728031326
551420505
128104607
481075439
947812619
304809556
268126686
385820182
208734456
133919313
188168823
563929388
676446178
70950306
203618629
331270988
275352574
756497087
352173713
836132593
560562324
149997264
726044972
320302983
38289438
229039241
113999866
637122907
951667329
335012549
967046021
366632077
755815525
23579550
179979916
975066272
498876141
454505653
473725018
518888446
433512361
642624779
205472240
601518491
724702948
381387729
568338354
343098845
154347301
33135893
981311512
704547915
400759633
165623073
408049498
342329517
304322716
73644697
895216572
150074629
483740367
110638829
230556342
643408604
585208961
656583527
791825553
748731223
571397171
801827567
841734870
263458959
546239628
511805463
607814725
914870519
982182685
613630062
118706281
632009937
213728606
68583762
194919888
804617133
262083433
794379975
669197776
448265311
241058765
180407107
26077678
374778462
683950884
73107382
834136848
131158301
364674469
799780404
375992852
230398973
730173467
316375432
361836394
93986362
834641859
662281362
298357928
865785515
357433384
727591849
21034883
213983668
411505867
586704432
26645686
973466267
575287802
188948632
510298362
724798749
391777533
1202266
624056957
495080149
4778984
389583665
337684529
511192281
10020632
385188781
111285052
928534333
410458890
85132592
226610743
555146486
840586444
359618137
472301207
224913396
993347240
180340052
298646978
29976660
790031488
290421231
341501752
771887295
462112468
605028191
775663769
891024189
538807465
528234901
222552251
422016804
176908476
854480651
512296322
284840504
72556701
277919529
678840354
284168924
853790946
990063462
743745059
741948854
115548218
456780725
820477961
971160742
536862446
622731411
173579945
363994379
121888290
873222188
18050093
106431707
527886764
993931135
559935624
910011390
608010892
23322033
673521870
913893421
229788618
861068753
380847128
508710208
971325149
87050888
162602285
35344964
765395217
313624157
438417405
676739567
643973379
718102101
245291170
274870793
673670980
849434919
577350841
215587529
528448407
783057437
207520335
7814437
308421027
766365674
246448734
406884838
234789402
16568778
685455806
32125875
817938417
161353538
235253426
583765082
828653424
124055657
862367679
550067597
937366260
716775031
113205
52925664
357963403
276165525
486591303
175301907
905360796
653251136
691038657
750581240
565928800
245700523
359026443
827146995
13032856
680963435
439664818
330608507
749469809
508867556
711101379
515712991
698579102
215028967
62396727
185766200
462360788
547134815
957640244
271412745
179463261
521991206
525533600
874963930
542008226
568007656
348993424
792174491
670139747
56909189
33604117
531215556
698508776
300571864
388366836
279072497
94968231
306694801
186915253
17302093
819263773
863295244
229737636
986356824
97482732
590935715
772968521
725681841
770309703
156845634
836286873
976604915
146853025
789574269
184384214
992658529
63679764
117271677
939900734
278850017
455691079
427462725
703937563
901798151
561807186
739105902
145332855
704050494
943762517
416742090
809320950
35274487
897989923
935552036
2362835
602616197
882959736
261916734
934808165
391587852
686816278
468704548
580122090
193586158
679309661
218950182
859368163
300228071
741229016
192908636
144229129
439488317
129974118
202847645
26403879
541221260
314029375
646888920
958845983
593452234
246118848
665136863
457211982
768962040
430606288
82840328
746963459
471616963
35300088
820797316
434656395
336901358
283937179
486725812
794542406
128898966
631967161
711361582
339772854
993316834
211007716
500102841
411207353
192171931
452909234
394144106
197324581
39540524
221083144
519749241
727618343
879577962
507755025
525013044
229164836
794342819
298500842
186147305
479453491
574092716
348766762
230907704
906649243
809773977
548884998
490684706
886457218
629996326
984026952
945596697
573828606
867551642
248373713
807048306
49506112
991583592
369852413
234658731
974746035
136503080
740582668
13631521
733614842
918730639
556024771
119212794
150106035
185785374
783445834
105357219
582982597
972627075
82235192
381017690
464681921
825314483
924766477
772479115
148054182
932848999
673638065
90937212
904284477
819788114
297779908
64713204
54992829
846810932
248420062
326256766
971195207
34318982
715998848
673462086
936022688
598490621
352496747
517513734
640505788
691454748
945886539
997668348
191263826
447613175
763920604
668331018
964007645
556626436
187576658
959383425
985954442
256745415
789684912
586445172
789232086
456842661
532995056
789718371
417733451
195658293
894925176
234942777
958268671
204628932
323790815
350997125
655717013
298770679
826342466
821447926
659589675
788043479
398788265
789465945
134991417
788937203
527104376
97266542
115572622
161315408
559829487
940100983
746259411
734497988
684580298
544487834
215118517
377553304
921372796
157727594
451095015
762454752
12347641
62730213
225812120
294229410
706927765
984915674
212713433
631318772
430929556
409405458
527125738
578198038
23275167
781033024
744346017
516423335
709671643
304091882
470063910
23082660
422866722
507491195
64151147
947906623
775443462
616418047
857329617
849408644
969545008
887626708
755876408
493086837
642388266
329512968
790940005
323028107
687764508
29278757
86628637
328585282
883544270
88928207
302541722
448100903
859819000
24105645
221719778
156314426
634165157
925452801
698501135
624346663
982782354
674584001
233351500
250691670
230617693
172732085
814079268
427689212
356778359
825338010
825113466
275039470
83240465
960852532
992414071
138294393
490010082
913679461
652913968
235761351
473821043
675272310
971178275
698902788
355487238
374225906
355305735
365589341
88825961
640583911
715359500
961580795
885957431
313943145
67959315
693046980
682366430
777503308
287355029
124285108
639530272
915091814
929088495
616459829
701361760
903293175
243059707
377868814
599318816
675482415
86134074
577798461
409894056
749826666
558055453
175293400
676312011
364283327
684546561
58845159
508587293
694775343
642029
620013993
320001634
553645964
755468787
420763327
229609914
513271896
909785150
440695416
869921105
719161366
636889509
457352900
610676743
688888275
144952423
318553295
766270373
854658012
165534858
607854037
628463583
623238409
194875278
525377038
770010536
655753154
574588970
830577650
756062258
187199208
268220531
85308448
60821286
834757687
937433990
871449815
512609229
528855651
139141553
495298603
355548871
158836863
708384909
234561844
250842120
57878851
312854075
966019336
541668418
390420250
97373284
502372176
987338114
969812656
440178651
776366600
161983677
885496366
838854710
219785324
493100805
767327690
946926546
132696259
225509534
587133239
208845197
449917385
526738488
586532882
91914743
431023723
216097586
406486014
192451102
620436111
168187807
348429638
486640818
571888969
156708205
205652892
836907469
656983363
110599797
432143291
330328528
953153016
262090448
156671105
254541587
478838518
751560004
848929340
235407575
509554876
285703158
245364909
46939581
230164157
132627743
531220102
606381781
941107643
828880835
247667281
875181014
899514614
466577656
841388233
935349615
580916993
495665479
623635443
938258582
70560090
593551411
686965807
249561337
161170132
117123822
564074441
190058845
957753628
512388324
173523157
205238319
617960463
193766682
407399165
922958955
189814511
667198255
681689704
710168257
821569756
724189175
458392551
729322237
466488959
848472746
191667888
716963641
370241319
268566224
310608301
393420572
632973003
547237842
379427068
899557879
486846604
275844688
63589821
292044846
901583544
247845108
817387872
89960595
696824287
294949518
125885487
68622945
163133734
41142832
330955281
784325808
574406921
958857181
628756383
85867065
903142190
899717509
174872179
777276918
890907651
689689667
61647964
62042959
802946743
920287511
580622794
67421567
433804449
484168104
743062106
897834377
795960426
710863330
309199249
560633476
89971819
3889315
864797449
391812098
460356500
726505748
456675991
128985582
301135796
946957704
515710507
485364863
826012395
662963478
850061610
51040044
105065494
196489063
541747785
755945385
928407290
993652956
270090032
534585204
894375304
224566906
292351938
602605284
398320102
385171359
797597802
253656680
363093818
305461421
596241417
659590475
119950554
629174959
697691998
139777696
943811474
132543985
500158181
455362040
110731129
966067543
327710176
503336553
183596429
287607117
352957414
585924269
489037960
590968479
566900481
116685739
82640398
661451050
360112557
558992429
616335483
63022188
389887418
709581167
837461429
86814566
457093010
274302677
133958883
334538614
482031538
738839577
582836043
356886833
842689339
337107314
521205650
863906000
696742992
442050264
540140773
535856859
890192574
436290816
933382545
760375500
273456133
145153289
289989338
859220715
843498840
22376314
40795525
519724689
891551797
8600329
593921873
604020182
667019296
996812517
118711327
867757299
648900983
987900039
366292598
980157134
641653450
741349801
379942654
908277824
311538118
288620347
167113698
513328756
781177664
388237162
282768669
222524095
246080681
68119806
776552038
863169816
52210618
201073358
602651616
371592315
567434414
663130658
141558455
99775108
352314968
818574394
894651150
102975685
482407292
966747078
217913236
961460300
522388906
932633941
679828310
666551853
846527471
568908572
166593074
730530554
963655890
671833114
465780924
694189503
773774637
372096562
822987488
809390882
229786724
555427059
134640466
309169186
545637112
343703697
594557563
89113762
309025137
995121447
906902025
561027539
211904094
681312269
268001730
662206354
735812043
657730747
716147361
986376336
717288828
520963911
646852984
25223712
456999626
999600509
529896036
794371168
318609600
42804841
353582195
415497464
664960895
560466328
240630125
249490136
140756632
156576021
922458563
478676237
718684388
58597316
33009589
540040490
597368491
137324543
987699793
829358289
639078949
786357939
163761865
322732469
690920032
433102255
103744119
457824096
462490303
353195342
676512357
550968139
202689545
920762578
68577037
365823577
374083485
109558446
799978346
835047304
991829131
556191475
625295970
143835995
536595349
825483075
958272211
449782626
247577738
779274575
695433240
626442132
261848024
338858674
500570754
278202008
213877003
823313018
104623086
128237515
699750845
412088611
963410749
225775930
169928813
328534612
10228635
209084184
292967620
924400318
937772689
691038250
470079944
534849604
511650392
966200073
322453104
104508040
891153744
952073730
74469339
794980568
470385315
573707997
926139265
750046034
499920486
915155976
320576137
749954442
923496813
545916087
718568875
691578529
515584977
628424498
954814850
13480905
940902941
500755148
625935275
664725887
772148099
940917741
661340627
305475232
26222915
596794508
301076268
758824504
684286041
785308237
341681536
277481944
224112765
283771871
73237407
547601918
295123393
347663551
475222180
413869826
468503674
719387016
685255053
713472780
389446312
714212370
782346485
888355783
712124620
918894722
434411487
63371773
143965872
215161064
589554547
655992898
503351488
22385755
723894945
927364152
397306035
522424291
507890206
784589607
519663195
714321602
595334986
780560937
306581967
293951865
621688189
972739248
990754984
525773151
456624112
117038987
773685791
427987703
957132761
804852879
895813904
302747104
888140388
548761632
670125068
325182908
304053705
500753348
735017317
180424012
972009590
708454143
757355767
241689691
848638405
875554871
169988799
538115793
362697822
800999221
289181892
190848046
646681290
421103220
545272817
86680375
17258536
607158557
166384168
925152585
499591022
273142555
589921077
594186008
739951216
260025349
556886333
617378090
116258427
333080139
826961305
274440297
920264432
548508154
367925110
192820508
568285346
864525805
290021439
89054271
430757256
507099111
628841534
975534425
951045186
555206615
269287160
173132184
656414381
885466270
338269772
69265325
803950899
784236529
333577603
867168233
122812798
871330683
724174728
170649593
585167015
825112138
542901549
686334820
86279450
2795059
392843383
118664541
27945911
333428475
868596658
733186941
36498954
83909637
669090639
582411499
872976300
591064300
10343045
952879465
988059916
703676653
925841174
533618755
271353639
305156145
224969368
800906396
144046021
892999995
789238410
521975154
821612690
856493747
467193700
555243820
530061613
734825598
829564990
10221806
4647694
925148015
131900174
203367903
134993585
172985734
434623832
481641850
481457103
630909170
663993266
50592294
444452863
762048665
421204493
235886286
839869996
414580767
293371646
574118487
525967555
420756094
345394443
962116449
289831643
662245545
873718901
63325461
61501092
687891418
333385985
114595775
722921114
976369098
399021318
245498059
106130160
25305287
802110572
377452133
518892722
69726519
661228230
893483356
205126641
376186604
9222042
874909289
263100303
103189763
206507155
164213844
798146476
856143340
807471177
979998000
614567138
36689815
977078355
285290288
980920489
12588076
812497146
364548458
290925804
528653776
851365690
262226839
693177499
820217742
531150683
186250418
919230969
677863345
627728499
927515351
869472805
54371386
64673016
982726154
261386086
724737876
303558016
344331546
880963240
354526370
29093552
688344432
997085840
656008033
535108566
948636766
362224114
425638312
738421364
823427190
365704841
311914741
914402239
797953914
32781870
785431220
183136410
969463864
950350686
341480466
168673899
873013500
410051138
265989738
393093938
560850769
284645000
143534194
616391636
305473310
504582839
883652210
584642661
761738355
251445953
791868941
21769785
770322836
645224346
379152893
837212218
923765340
558427645
230750700
582154323
856843522
874903266
770514695
808880407
304494957
663334060
800277492
681269058
527130413
331733184
824739418
731865233
502591151
16029332
77516503
323154950
123498352
527804420
225284717
698684088
746497617
20322418
924296671
180722543
957923340
876910513
397098058
558853972
95581226
356340053
807484005
758299406
20997241
824209702
61249740
403107177
175368839
567113774
72263897
600671752
416029483
451826929
526571930
322728331
59519075
517962793
564615793
169033288
34416929
557166119
461846779
61864282
942151018
595148275
309495360
665008715
361014699
918850636
408550942
644377600
725708474
545833217
136576068
372235312
677271954
828131115
694072000
577601766
426174963
342586343
23273473
565938234
422908684
962620355
708287168
412662353
894670644
500783918
562254596
234331681
123714342
197543553
614147689
287849882
383414916
441680934
739797417
811568382
712093002
685055674
962557478
577317109
651577256
20109781
979831722
199640213
447072535
287716078
92239051
736646307
530247742
459689243
897888917
633190172
607235871
658186305
481445617
488166648
842651313
952070985
159076758
473438282
992555816
229622494
33196378
401139209
835177224
383845793
172535945
197391528
524750523
110330772
441629328
892065938
513659229
972421269
310200082
181945741
998966809
841475983
270377118
270710370
794428622
852842251
51606555
700843362
621421400
71468056
258808735
433295319
772672469
248120008
153349463
211582039
553023113
522749385
462892567
109314336
233450330
352120509
408649545
167826718
820566455
196488763
690169268
733443359
523853828
503287116
356521688
19016106
653179031
717486987
180906080
343406570
932296021
184557857
15232136
150088522
525553245
185552478
814827343
78410055
843066072
883179485
79199089
688346379
673587742
310581789
355002765
688649741
95618692
405416074
302491462
321089676
619575282
860171402
262842873
477679895
934396182
397327649
147277872
971932985
766710645
283616400
347378081
832789136
325627852
55469270
126679810
94365178
965006888
418662993
725939945
990068923
591942507
991723393
972767392
498707674
888196540
512818433
953561768
289683198
331288555
22488730
472162218
372365117
978069397
577639568
80760501
335241737
390708208
744251623
397432595
725534421
833335734
599642004
746099926
254079446
841865957
537035698
294372041
686776056
804956109
858311546
367585580
122224925
178119738
869952700
597124757
17356577
373596015
272943264
236433116
530105516
666721162
421338153
400048391
130541050
508178213
643908480
879778808
980746501
326227130
731896558
594136570
485361215
459025373
34046942
845936227
829298358
218135324
590090072
660418322
416917594
609948724
848781311
890785938
563242777
41106858
185806192
968621005
756961556
692300556
5112921
748565608
66424768
359724884
218230378
38451997
985790740
375337827
472916393
78473189
72280477
208696728
559077038
790127570
85239910
869832008
962944262
587015504
429247164
264323948
26775249
923180865
192890495
225756995
708190156
491274036
388970182
230980279
478334894
883862072
871722301
558483169
622705358
637367550
882595153
638896756
159567613
379956141
476951784
538319780
17974449
708434742
295188083
719927747
460228774
264057118
617533562
139201790
686237511
649413548
859350023
112845476
605184075
72512588
810292555
28699366
191914913
26568
251600215
301167308
274817531
644489435
584492000
924022245
405109353
168407097
875561188
220838716
693233137
858358151
926108119
29637668
510387618
535741317
662066982
937434806
371410090
572775400
784141863
743310427
754775155
217821761
217067798
867781650
90676225
800907043
367484968
429505432
473559928
811664945
776094144
942125677
616271575
134968538
797750525
488326096
448538984
551867547
881384724
345600170
361366573
423754616
422006890
117693697
644730824
903745061
161020398
909609677
94254347
166020946
420566717
834782016
619423846
888285650
316369034
975915662
622764948
889678035
741077745
549071204
928878770
23900973
402072458
540439638
495975274
369359220
602139871
914813713
994650122
811548523
97836326
602690390
657650754
820270762
883930130
758437994
218841827
523208722
113749466
820054584
54613229
370285997
137478068
636634543
826185819
585990248
557112763
144656612
8128994
406640970
920016581
871256995
426379489
60937971
611063766
323212113
636526273
762076684
21740968
908702040
385582104
513244483
159540213
597366768
410140369
874625914
45187431
960935962
894652051
261452414
42660444
797921892
480521238
7190716
654844725
530516770
509745587
894416382
977732295
937667821
355000854
284027566
63427605
57057333
274404309
942834595
986244377
817741051
199656503
571984020
89937474
389108595
897045828
311552770
562436642
581409960
682254952
160926232
20574516
355917606
217020161
345585235
328092340
23345534
988480012
156423009
460078221
713186774
35330304
942535403
832374516
322094026
969433680
538081172
13944228
78549689
757115781
992148815
40794591
399887684
95198098
50380919
963926802
523351672
104796066
177932152
227636217
499119919
452461005
177970404
951855578
613716489
111985521
673558412
518176009
72900183
105681571
495396522
786730937
654718370
774604726
300183629
986595684
693830052
552751891
66800473
995766027
859508522
339688702
559182578
214030101
11000033
756403028
555908774
702528002
881462827
964831258
125102795
964283738
503784016
660514871
338933887
252242423
368244683
830987985
914751139
941419950
346381963
100844375
975528210
82056850
820589738
160474430
534637759
480709090
499681155
65339496
232076149
264148705
341970498
180091862
99186870
289597998
598762447
436215284
409226538
762826173
794723878
522528402
928156527
599536314
837641699
484383549
709500723
11724630
423387677
47805469
847199724
8032268
108387171
372646751
388211229
138773878
45813074
381010369
50880670
266020496
659450940
851555797
64915552
848919028
349018240
605194976
761651901
760905347
484561956
192170011
467090490
830846408
954094972
521450073
597730893
196749918
610011764
487555369
302046606
855771631
483634650
784912678
589413124
897870053
511032572
388510071
220115599
610326656
881471067
439448143
3245674
845438909
301794124
775599603
536261025
234655528
261701261
85289542
845886695
586722612
838193409
501163092
321196541
901670189
492002158
831413261
687365453
496064212
18795967
334353809
331494498
843024748
13994733
722302140
386529652
3939554
528336320
129271428
582375041
610979745
21280349
45491684
242078324
7571044
368048250
923637057
850654796
178055295
248256878
61476784
476261597
180161160
90274789
470698459
630066475
486696040
7151615
611591894
28454872
363197761
968472328
23198807
484569236
172414132
501260519
546532878
498698153
368637272
508634207
639679844
104338335
10579243
379629642
38383331
350661184
69771655
781577224
263555869
973464024
589797428
335488922
803698710
761779235
446338415
83551369
197011007
704140070
827500024
841921385
5451525
699282677
848168497
459101380
128034349
650771507
831681373
406817464
17075573
172407218
454713131
7148361
631152288
552712334
565361158
592334012
638314513
124798116
74867719
430686572
610108512
381430431
878409426
247247615
832214697
849788464
973058123
450837198
803704444
834107949
129889927
277954462
935897544
735942781
218708043
775599075
731818842
887979586
340452322
874361684
72808837
850125619
486379707
81770000
695266748
800455400
200899367
298205989
744580863
619825894
77620402
499243885
93531991
352817085
408645743
583534653
128027424
340493409
903689651
392914109
431475735
323964247
536095116
369726744
627834052
203777697
618799567
213060017
835074090
574141399
676683909
531409430
594011801
303814343
441641866
659539969
637266215
117850333
475103639
514032729
878687369
246261329
762636804
213484707
124782348
568660980
730112258
19940646
999819999
799597334
561572890
972865500
211023408
817632726
731776580
8564224
934856405
119370307
794398099
240407983
767963085
326836674
886299103
826680608
596781262
641431538
473126074
834283638
838352563
928868446
163087652
337292906
569153953
466631334
284057656
664976639
94762004
844187595
156151685
277386524
189983806
675383999
202973013
382222976
349187382
993833823
142399649
51007376
33893643
664343130
72425333
116614725
324055303
3901042
42210810
321735562
841170053
550539070
824685925
97279452
685741799
925852384
964232221
280153743
574035287
80736460
592183616
763604397
100681669
238043778
57375296
927630157
4867323
496146726
480294612
408983911
39736324
620561048
138953156
102283289
477010528
508931571
696573020
659392052
917913550
379041896
981225603
711425750
998713906
284236874
527021350
727018974
251269430
93932537
953791348
882502732
228432060
191466721
601217685
906414903
655722563
952389128
74379001
327316060
311634
212830667
872055815
671729285
68624090
793813084
147829049
611542932
789759339
873826488
224075917
288092672
706866750
231731079
144174127
458616683
412298595
654025244
172143429
517045843
506000683
168747146
344392846
23090283
490852471
104259452
674358484
221583826
364790153
431224619
281448724
169728145
702550176
842934170
108329965
350682420
184846802
650317075
276707272
732030755
608351419
223356228
866246201
647767535
796861119
376010525
337251276
421904891
587155448
784012598
740768315
894082658
918584233
79332377
956415502
118924627
919070555
399045119
728865600
161329243
8951789
692422849
673345779
429750113
973959357
442665467
991932060
865559014
31816456
38901798
198223578
288854443
374382931
529917507
62641989
121144349
451089365
156547339
658391640
436734869
770787889
45602838
926898529
900498772
189365827
584865674
304822910
333721565
146088478
770150371
49670589
213162792
918277296
356558016
930006198
726275575
405772970
365688466
475189264
594382476
510486242
351036302
251182120
823547057
691925759
535073630
371573329
762891035
567167018
818404857
877822118
241961277
115741758
734831972
116519945
76521764
272968238
112593686
367028191
686679682
216484615
994521141
770255674
827061666
267148255
881225049
792697962
53817808
504014698
789137280
365178518
657802282
73279052
461317995
15082800
130833539
891439229
713875628
788645576
722345813
148377203
834412302
256052660
564843732
70680020
838005157
988735891
966492148
687707144
430000485
132829976
767130695
782538398
993776714
248952611
855649305
849953115
214949441
932379014
370480222
377313116
591452399
555703708
540684725
551798036
13258499
846796180
153157229
971288622
344984615
277006953
15862149
279927317
460988182
609747832
820254211
247110342
6746013
127321066
791041393
954687955
661509532
306552198
322380949
740067328
723144482
379937273
312532148
287593811
6118754
778946552
727923786
182734312
949109057
539576115
414515787
348902211
612817250
100746986
208876251
270731456
999265336
407629493
21225326
515077310
93765812
897976389
520323499
635431998
422952556
725714308
569530723
642542357
398948844
698045279
529995758
452382367
739769192
3388173
225895332
410410737
452015353
849699544
440683064
808858184
32338732
131029730
113791560
836253955
985132889
891308311
393294365
662661504
276180834
221056734
913269278
806305960
75690868
65281026
180130695
971091849
729867273
523262457
197903856
471154504
581497213
117265957
678176823
892136392
922156786
938294074
155715998
229576841
545678734
988333408
64223123
966353529
395943176
961630446
602275278
163948
827871533
282830529
755366170
441588444
70455772
105932220
646983447
852011860
309712210
663915146
148372572
312305889
520141364
423302528
75744278
191643959
235218225
110304766
834724124
978983759
935805966
274569693
93691720
446146826
684531022
394968792
736691440
187482926
245206215
628981501
649633681
948817560
305424447
249865520
159775262
436651428
843897964
147629084
82674843
689094801
897591332
477300654
709832879
23527845
614642227
582128021
873848127
342832634
457598647
554958242
270831212
817132683
615914486
714137076
133931786
822127460
65061291
183835014
756454320
452471291
127163440
76753702
254428758
341409438
472664724
480498000
862178509
359607894
362164944
186544324
209968435
149300824
798304319
753094685
67811899
666743922
724422908
461185282
557892575
762715344
493963770
204248009
245797446
702698220
477735937
918178131
86247835
29929830
790257390
840288310
903143943
494267039
742421553
395769216
763417779
607558633
794808143
856067301
426914639
8404059
358344166
728373206
919901408
517959703
339888501
126782188
265931747
839368679
447721679
340906245
752951905
386051356
277606736
100151141
36072965
201430572
442180546
111709579
614940295
846381330
181245567
58189924
925885411
661239266
405324419
305542083
912896654
292654756
50046986
707295037
692675899
397149760
739156939
431816849
589629097
528019812
730537071
971885298
588504687
627853190
219349423
81617476
752808900
379826257
346601698
110879433
3134338
112421457
872906143
228003242
440899634
852303593
565015250
592464288
811693505
334670151
498724899
569557917
424137461
579613984
691624795
53050566
499740092
898890701
396395494
161022756
553348774
836995667
732763759
281784317
770092820
400495439
399226858
844069346
361575619
468872680
193359601
852374986
341601854
277926736
212814398
442437763
794488679
737714110
269456951
475041461
790362251
553598233
193560419
939078980
868115612
28014702
902382282
941988837
629755898
592849045
515773122
107197307
889794301
56493433
351627704
47586674
731502390
664289837
343434471
369779019
893037788
362347615
890768022
824245548
983233900
423175717
89692540
83147211
465669348
915557593
420668101
580551859
219419576
279019244
440927595
472151727
272119472
931220133
579851843
201703137
454014065
385965353
641766046
619823989
144555679
319315118
591483890
924688223
840724041
820068378
343906178
739762739
210271927
973611562
568078171
342643238
265984256
893794049
318321242
235745305
760130736
417195433
845276350
923647123
30005875
768796683
753238038
716616779
578650050
126797649
106028149
378588048
279865985
541016331
25892767
370667500
425160721
719305465
515045315
932302115
927743757
176672997
105787864
258833406
677550979
721266190
632197935
778992019
416856709
879630038
514175606
242075785
750139201
145558544
995313279
733324820
197624121
191917561
271096263
575645932
695305375
139622829
791827978
747168529
603861615
416260993
495087202
394799724
272413405
534336040
33674308
847615924
823125876
91290699
897320478
669335475
293155779
50054688
645379631
134524477
498545761
244446009
53619547
921130273
804801946
661193964
125560429
398862678
788761290
581693
746730711
803797698
15763158
114521327
880406541
249059589
343706593
499173384
745326896
750165956
337945634
484189230
800058114
604662262
180561144
264825399
487130324
172716337
126052584
712605103
39701686
203606511
396067218
688222604
212880691
769984068
157812920
101512440
299921700
686109341
428301627
856087875
322869117
395177629
252803646
556763789
80851778
198273805
714963299
242317695
447484755
568570240
182262188
614946687
453804517
212578551
18656407
882915612
59820075
540578855
866107395
11273947
755698626
417469502
158833552
363999343
938296986
573539993
355191578
960053425
822534557
456417951
823902869
260100393
343290311
445117237
976120936
902526233
411997408
916952898
910234079
549711580
909027776
252013083
353267403
520983023
900992458
543945641
418062911
306001085
629763754
246933388
903692904
359911109
38766174
202959376
579479258
564702350
215138883
778281401
742831755
847660413
630000494
659343109
415136496
974758234
804183079
870073474
207150435
207995447
857140144
125982220
641567148
957831857
547990916
790995302
12541860
305896366
302557361
346434845
475764800
633375804
511248894
865502967
488069474
909014630
105214129
15803775
691899443
327542369
361080698
791653125
499253153
442188905
351911578
802368426
348058213
372108538
123942102
216185245
592247815
560865368
6413449
386438490
257559536
923533800
48206831
588994056
875002576
584153429
506349363
4385856
638990441
445761748
106287458
680808330
202340670
892159838
125081729
193722814
572683849
610679746
982628508
495895668
929569438
335320652
61266938
838699519
838316952
896251875
572999617
715543264
654156923
287288625
186066039
487182159
737106001
842102480
792093199
172282160
589258380
854139465
606425431
862089793
745096750
662867880
795653584
761426154
945254879
651389225
394595728
170054995
523690354
641598166
322746230
36675389
108461679
64724569
798646837
822456766
148102323
483515393
570156481
691682419
504766558
794153339
204742565
54324610
724735440
126858062
878329174
983333324
260622802
74307005
686507398
15223576
778112563
647095918
588272027
329050743
861176226
162470193
211229816
810291502
690619758
72577278
313907081
305316654
255443980
808793211
880383157
950977373
636376790
535962137
340286207
432591991
15399852
406138194
943400215
171493980
424062228
2411606
899535374
207059312
66332438
35584427
788974312
82853180
911083926
976601977
985579525
689396361
356821023
673081137
671297618
79061981
699414204
911919438
804139289
184680233
478473262
189407337
496549314
564697541
665480652
677213093
984496296
558833032
590273396
640609103
861745872
398384994
683331572
371576337
823981511
953814829
313542167
70346388
271302203
560940211
167596833
67253046
318053832
297353646
131154335
92635929
797572853
927476820
311421914
446286377
530503042
247603539
785817278
399984260
726285382
834440351
968389482
305454283
253997328
521250961
686147521
641356838
516544322
172746190
306313079
582302749
9439124
417359293
192375984
141823872
314488325
719118099
576332217
66558225
902646151
942977921
180027490
330028823
628322574
429326886
672071084
776082963
779522446
236229101
930233205
904188814
255560235
277031417
966510309
544412730
68577136
9423491
212834191
471979063
224299959
95240944
662175740
223076434
201088250
115387704
150661230
182073676
525269085
152126135
426387358
58214205
678465711
795157827
89799577
179772222
694079980
272233525
207239344
191868129
985266232
69865747
148919771
334167979
116388024
985971052
649254152
422927136
811936791
353334911
893787468
45623652
299891154
264760530
525005367
743763448
875402192
909753076
483274713
819850816
893836959
289706663
987504834
607072260
567379407
370952586
793659932
829400576
617817857
182857693
835220541
660671573
398055173
354540514
250093554
528016580
815853068
434966663
208438230
610683783
609350118
335712329
630582043
560725054
669847695
231199891
913222088
767875351
315098855
202674610
907207768
667912198
94004861
214175006
42922011
206396491
982936673
739445731
895498719
812446275
160006467
264487509
781443886
468561726
262534529
358987242
966962138
833079917
837421752
599321507
983255561
307280542
870326337
630869706
698254014
305921610
816012990
360738152
458853644
606680045
440643138
283752556
569238726
773120611
575349266
130650429
368272622
668652104
479834524
616052016
615084538
236580498
942753592
495836778
1427157
204565476
662714142
949697619
50173024
914721525
857267986
248396751
83604619
196368637
836889667
348001889
608864802
645378291
23607851
96466754
491627043
668639281
665065685
639682640
814444490
677461936
584743590
291211700
119458978
544898278
579361858
107296914
99855459
262561680
759490296
337772483
67819846
693875572
195285411
498442722
743714725
83946877
271313313
722422504
101476045
660887998
388482024
747819171
672019889
321458075
206935350
372402410
991120860
224040368
668146779
791072328
441458305
842440944
833719422
864340322
153206426
774104584
443614461
26131925
193655349
75869316
29051227
18146358
858987160
515787160
483383634
168333997
84510994
287857653
508437443
638168608
740788329
609428176
982182739
641948561
879681015
22226316
423632723
871666072
529396114
577118327
860268835
203494713
676170441
433572892
117585728
770461934
158557771
889112956
409053342
357004087
970124138
304590144
401235320
672159935
609348217
767915985
461587274
143866751
642434023
439133235
602272476
175322003
218840833
14635104
223147844
119370170
294383903
898757267
171546127
241401365
932447031
683930999
553949246
673929877
589296979
261490686
896908619
932419341
610653105
63513227
213410956
111133342
237503126
446027007
641299437
429567894
586454090
137103535
932540005
456796602
181573586
627695697
470008547
646623154
222006306
189655784
13910834
526482180
193602486
502399487
514785435
289762957
837796498
318065498
386456426
825338455
242281992
854896893
690607802
627872445
352430470
87966635
134112654
26348920
719930771
544442870
444854701
82115614
436766743
30460650
422125880
393235960
551922849
988603494
331468608
75363932
442028101
968738859
395243634
823373344
518919555
485175520
273618702
859047707
616703869
212761902
809008119
94760486
715268242
145616764
320984352
571606998
155018568
59868228
955098335
331032990
889503359
615554546
325518986
527610862
712407149
474821810
330172241
464269604
228796056
672490996
856906196
703835195
775448
827876469
589225729
726913917
520812585
858189679
828400608
372873763
697630225
180971912
988488975
655675375
961155102
137905668
505857327
121315581
826458513
499160039
594770842
584952474
230905198
71605695
513788226
407583110
769859175
992259699
687788221
395942532
464270196
9202736
885938837
371411334
710684352
443110807
414269462
5994515
611959683
828106593
974057215
911609223
269594227
303957605
155905638
454641882
824619750
61015409
772670453
366091212
58606111
894376990
852598268
16341746
537532852
203183075
686369323
357863665
670548084
309167629
814669312
418079211
986540227
520732331
435572034
554115504
983696471
896787755
672466724
480107682
76441831
85188249
941115873
897428996
854490211
916824998
912441
82137294
166157946
39931688
154348240
394576178
665839040
697429616
152351600
926101040
778028946
506895089
10225044
336405379
159188352
369867729
782176658
445714940
256362151
905017981
321052307
208560761
349128142
246187476
969604059
760606678
418446196
735303298
457966606
505001363
802178405
39271182
888655749
330136746
439610335
674557720
327338882
157233997
686089407
835327420
530862583
957174514
178887456
488256805
893546252
293860138
651389275
265228465
387787196
138280915
833145566
17359322
398273986
557988037
223879233
205975892
931022460
571724580
549523162
910969702
268381384
998611119
945297892
8837970
241250394
343585449
163394571
376667889
148454513
519322646
774590094
817058184
821191923
806301765
879444951
47363015
425055282
344276960
874185228
588528742
194826674
288871794
235955331
893215894
719922779
104076248
880816689
310223785
903084904
267093947
100053495
274761568
848750630
871118216
479220281
946664534
523873504
477351889
356218777
13961511
175720630
207765225
638796696
389900732
600376098
986049043
263866769
251804242
263579767
938245592
491481191
355966564
750469070
7263083
410391640
687404777
521300619
541389627
234217121
92795659
62747858
768195020
452913042
957551402
739280598
900471839
337284266
670764781
278216017
930320239
873854057
959422828
273013658
359145712
955768362
289205629
272693556
372853708
979432929
230715820
947222421
647653331
784290825
567777743
429553345
554552543
56959781
119515717
218760852
696875285
248454742
979899722
277085243
358910709
922820265
34442051
464329412
899143601
687268303
282823626
924072998
886660749
469583876
641116935
218935921
754291623
737976052
445742282
469765030
811903119
634634944
663330438
822582875
879947284
944267454
833565228
929765714
911163349
568871555
456430687
358662203
154526661
832383610
755729438
686136554
977627014
520129012
175013756
545365382
480315366
768483717
826515759
769664221
278855959
598343480
136550440
872887253
741230371
557288205
404118908
981430519
733815567
980521719
624735087
479087319
582396078
575056442
509299353
796765274
244872327
865893007
711514147
516386193
557672963
471414864
264514681
24186746
617238564
819895736
696473428
447367919
294249106
509773003
110426340
606101990
249951458
235093016
720835138
152977171
158982708
86757683
74903437
707338485
431259242
220880881
369525946
39775498
361979530
400790575
772052479
872458490
463508941
237730078
9054466
519044498
225644881
118114023
106565188
346984420
769877057
205833389
960159561
888588181
641198851
125977682
542278579
218661794
642313687
671543151
830798525
402735568
962737289
24307192
988248493
912042852
33273398
975216579
420804498
981174737
20481918
921721801
949519960
556709573
641406621
429071591
638641587
704419945
245529464
854883256
602824874
774756356
511292724
910415850
51489015
516285041
712851634
153921045
288263298
136152638
821487056
259106133
975668595
734606652
107570076
9526985
346281279
583823436
760540949
674108888
751568795
30245589
783763727
269357257
26451038
544092129
255373607
221051665
402627973
582276806
86702035
148841774
972435255
284866670
310057643
94345832
459600163
722344366
742266181
234860917
647251936
978119956
990971968
432070579
564516256
410293927
627900341
452080455
628826716
327926034
85795626
751956263
803700892
668549241
839696445
524972918
146886044
194681034
500307339
192456692
471186865
903419551
290794841
554090808
37879424
816150029
866823930
30315139
851630425
573796089
170062213
3466530
708011491
482350759
796066076
328195231
552082045
678511786
419327240
764300419
489298193
184480831
601509924
526365612
643059039
925490987
143044710
127860314
913624444
625732
858360707
231321290
811769690
480849723
524850568
128726170
224292028
616468643
304549128
267345557
369332667
884327505
802748612
879833207
90240535
441407615
350660030
523770861
144004130
431405276
365767078
416595462
963904709
86987136
361596680
950513716
916675247
605207171
999705182
341281577
16545356
638902797
541752860
570681365
112357301
200694602
868609786
592028733
469804335
18553366
300677344
586351634
914316792
866005291
297805080
111049324
454371638
341947142
344841646
658765461
583830832
243842291
158357369
800922435
107263907
354569325
640742934
468608100
502177365
477803670
197717937
655419474
137805800
509713888
985178461
695880752
837973495
489123231
919799289
505950888
65725166
524058834
784166257
519473235
700874755
321956290
117954995
597002159
911483069
459635956
549954245
305084056
950658461
996384232
587759201
206656536
970964449
136607224
81424683
224547810
128960510
93650953
16756429
48695490
12393930
147622019
592052448
451510581
80011084
266380294
835912021
849962669
21935798
253603102
571354905
562184033
959283404
293647710
924866895
235751543
267556998
414280330
29963759
726394033
675863146
156652894
637790081
900633118
568032541
933546010
365906758
555592508
658104681
43854146
638003664
681025443
35930894
915356201
290247362
96283087
823943305
381362642
24756745
78035473
111449167
677612628
821404827
761581246
827695513
169864119
201561589
815100345
892108705
82932631
774972894
554466235
819668549
364072581
70755763
155140364
378066061
720204052
933568068
42832665
267226871
302818076
788334100
669387647
293830160
370178486
642616822
561470980
30869124
53748865
110148907
869491761
778697072
319913923
180676743
139726978
908564408
593530113
171510916
41526354
647852899
905075951
168386322
449891796
836028210
822463121
834662290
334219027
10014103
354257886
976075259
31109682
630456082
993379733
793615025
942524759
954360920
687750538
683870727
637610993
591503514
3573813
626938812
5773824
895907490
22056508
131066854
896074443
539960045
574669445
482253025
607738001
490361430
572414168
486017917
961854855
791010720
594579260
866132607
412557607
282036068
670015373
700405970
360359668
561831805
940847666
423995820
476679612
503761776
5197986
815935792
91707219
280989496
189151682
136980943
507877975
23378331
312396493
960417794
623831388
690469826
586178901
854399329
343040441
744857706
155095664
816404596
157179874
140682166
977358307
558923634
650529868
293515645
920791293
253438186
816249128
356919588
974477688
164912938
876008540
242982862
295335513
618677338
869055509
746478891
616056076
846851978
170533877
956079565
353241460
982950004
446735034
183688910
485910912
150310905
989858412
299186900
136441247
774493415
128688911
106190665
68049398
406900585
838202586
223241253
327974113
218160188
469539649
688685530
206719400
890529686
715682101
98099986
294241827
401132865
570840136
66518401
334932140
572472878
163468103
921426845
402740131
795721078
329789015
877392650
797865018
421524936
179474644
164987801
884265445
609985985
591084898
70357020
575408805
602093142
922329597
366965866
133306645
172982348
979371465
892002450
988710181
116684973
765327208
213103039
663128387
942258851
867120847
669152371
885924269
886257379
547451045
25176289
551894813
837627497
454123348
969135346
906290622
507798199
822722380
435035980
239907030
651721465
52086498
849749386
258165499
119670278
796036613
203038146
372029300
865484694
466159926
999262546
294831417
465573530
649771043
659152440
636995596
458505478
54188286
830857734
873963285
164575504
135893212
877058929
940639353
347014454
77591339
635410923
305648212
581091405
708684194
791977072
237732394
871263619
57050153
882916273
732184804
499341910
745101576
144929505
61519052
556424714
884509855
563947578
674863326
957467311
198716535
496674037
151898690
507619894
440596657
396922622
547261641
10654622
363049986
526224786
990418040
673862766
350071450
437969818
427311522
555305031
292469753
688015008
4342844
142719932
333385645
131424852
597891331
311260471
712463185
404566343
996330803
63108540
547592614
696050050
275495816
175948287
505440315
49502674
916823950
954813058
129130136
670960259
262204756
573548275
157345631
529027950
650158775
250078777
81215280
841259789
466789715
877583751
552455984
346110179
532810983
29785585
435966312
666345617
50186858
911976560
398393724
958207490
391281951
81887659
404592815
371658595
897332330
393211528
483799595
465505418
402910038
111766232
565620995
225297687
590569798
704653102
21235840
910440919
164463123
26144524
243295242
651293573
584050499
293166575
430590892
141657659
819328590
477565231
335741626
42645120
790517416
643966752
717062208
310504604
135095490
440510135
637558693
5736382
466185839
380196411
888606412
577915990
212483536
74643059
893514911
259137328
952785346
366550060
270980645
588159969
902049898
595999817
831725151
758346644
608526048
970203263
122125441
600296077
795453032
764328446
383858958
210285730
527046038
149507164
524755791
44527846
797823768
310524122
261243546
91197334
958075549
239681288
714858633
87902406
661625483
261240648
891231919
153769449
71946199
99005928
63372722
267670555
320441622
413282831
368894845
154867223
623155752
5240141
742098242
802881388
375397204
5357679
517142908
319572347
944758163
510155629
649493443
808722482
236553064
939974414
953173978
370929708
530957396
502780792
841062079
916917293
373198333
448619328
738330653
895692781
184399244
342254435
962687777
25111834
421694268
613374148
942645940
557925055
131395969
973328019
66742057
343873024
909856372
962966358
495497415
629350945
210465818
131688940
721068442
619500999
768164864
376015395
511589054
2967814
93606914
129106637
929425170
391802341
196966852
495437646
500625654
102295625
163791599
497249115
374000468
199558316
529853197
202902376
459705506
139366510
82555333
166733277
264192585
26021789
244323408
253224225
234384309
742252285
684163970
802350336
882640797
210486125
108013442
921030981
666383877
171151735
600483606
358593439
859460296
913873559
176338136
322636280
978797188
993702323
443203344
935590136
918579348
445871852
376659488
159697309
360173764
681458313
588087425
402126404
721858781
769008173
476032299
927654380
778488625
61438759
261273039
85723316
630191445
756979589
971822039
864345135
228377858
442186577
936043723
303150303
645842209
204934926
444546779
784997376
974556517
46467838
518915323
260309758
633651016
775042192
302723818
225349708
724626957
557004086
815296624
318957742
319676523
160136288
867779343
735323687
256095321
842941156
97467393
182721173
646220193
648295776
478427858
314302002
989800939
323862526
534123377
660890628
179784266
516498055
77395393
139619166
939246748
677793921
548076406
878189373
817666417
747730823
621381604
505351039
328143189
312157823
203159627
664244781
204973215
217357323
575136411
821103187
108840790
465914456
948262151
768402360
810188453
276274046
787595682
772439503
828185974
296325367
329994068
49135675
828167230
4006186
133957104
217594082
235882702
163870115
961367818
87085569
474553727
114135506
473803448
541276974
318749069
974039328
638149468
314869113
79842920
578785862
526715882
728989438
841510516
211738961
977058329
223742871
662883060
482870810
563516677
747954828
262011426
533668992
277834235
66318879
126875433
884089966
332634090
755301995
845244739
321373803
703854525
707237683
495346502
578850985
537469143
263225267
452236809
114564515
158184144
652983049
146696537
118501981
479296180
81123611
874311970
58460526
875244272
441594828
864940631
501115085
709183698
484618708
137132314
683863452
443618834
629049404
693549570
393079716
207858273
71595123
174479429
444356216
964422916
510668532
692607324
9271841
589306836
812484290
886823832
253233232
661400982
653275901
493818060
808726605
30434823
36828439
915691037
138313574
264758395
562945900
768170798
904297769
770540192
61509516
528333270
497519203
637892556
191131042
232138671
71185324
306470775
72480154
91144550
985654506
641067019
552971114
640285950
827147424
840809322
231065915
517061153
705379805
555387800
49717890
77304895
576177275
171338936
787273220
942061738
466374606
395803061
211588130
680816479
332211970
983955695
339473532
438528358
874077343
397769892
227406309
712727409
149921256
993569678
214474249
944349708
462210244
946652574
852080531
212265594
620982012
242731576
575249717
560082019
718878634
569904805
301987960
433202356
215477492
808308486
169006185
991702239
128667604
404498896
794991365
636306783
443669977
151521368
684384658
636772453
292965684
580567005
198965725
58156704
480505970
269006937
238079545
900996574
680450070
774542527
466228505
339371617
637111982
140766264
355418377
351960927
133383165
349168986
640778758
654310436
278382456
490415095
218298527
469272649
860324645
493510313
633600616
941946386
495583557
747209150
806320389
706673769
806677266
359907274
564121574
369213825
479288646
716324284
197537901
149384092
75508137
141009374
535846639
230269311
699950694
468986376
822962494
198146840
975254363
979979601
164284495
41463447
338345273
732493907
444973875
278873942
440632374
59165932
811499460
586656919
31709725
625895182
155646927
841891347
129842230
305992691
956407338
76637661
553954562
225961870
185890445
146600279
691375761
769751913
841107998
47170125
366788895
460306545
220006617
166053799
281626834
279151150
898693181
444758175
871886776
629971769
109604074
836822857
279241698
182203190
401216079
823379169
154177276
382488734
572134300
382361469
810918415
546982405
236361866
632062681
814677372
348402189
579089142
798429638
602485292
412417297
887770880
512489961
930998680
668719654
377781538
408073274
477703922
902357218
583615896
594541629
940446754
57105327
543803146
446429009
161460688
682584031
626230050
795480620
359940245
291118722
414910311
291511241
134599858
781662985
389316960
736063606
996240659
423814807
570956626
535324634
807665976
712181272
484788926
100201474
205008882
967262251
154447395
761711460
364447465
830070778
995915045
699612771
543066256
953290645
718086365
331982889
514799108
124816076
833071649
391453425
524579133
161703230
277209810
969107277
118152247
965957280
97664773
20134572
739134965
476760215
62349283
568962559
312894173
532389875
683238551
608925364
66691234
501097871
476841890
421501354
577629822
724123802
335416127
637783722
602955364
550124096
889417640
294236897
973930273
413680141
902590955
836851767
270237898
16059364
597190057
841326785
276360902
574086244
842098586
414248193
142202312
424895832
543708339
63576903
882061890
672181580
439324321
100845296
721253797
505289116
61722997
918243717
777084566
642031266
990543736
797108201
487571221
443212750
909394889
323885411
209398555
600746917
608950975
450446607
16102453
15583484
963052485
695116478
327914910
372533668
947183484
165198109
354069857
886440961
831281355
992714888
381267432
922719954
259990362
469435529
2590308
649572231
161295502
829549210
723355689
686140336
534344470
425481836
388664605
364421015
758208465
564196854
603149606
634918003
752734188
606898860
6335035
355124184
680556101
347071744
204908604
487471936
266904015
62251570
313994753
618863542
577539380
765787602
518044158
784605857
343750002
965794196
492290412
682018720
679046506
965590027
158758057
477495276
580395024
46483784
264258001
603878824
869534765
525952256
145359045
946705705
590363736
447542859
531191511
722501386
67526659
339428585
474911455
283263222
352213429
160718060
474124483
565870803
156563963
649526220
500364263
808829484
339863153
236784773
930634153
673714871
259240671
91516748
481770772
342054328
548524586
471269208
935240828
918925518
71029325
457070600
514760140
262166770
76863306
703855502
782523773
256244232
770892380
456696827
370592968
911729557
305724973
486525268
838528552
318946133
284076577
131022025
985557599
503996596
892525882
731302232
404476974
783703229
8967997
515782104
819562329
966195255
12477593
580781805
998439117
28889944
579438130
346580638
655363741
633672483
4065500
661152080
904562035
684076724
159008722
37042266
604331893
598211235
799766898
550859557
861804650
61678592
998461867
837428228
807523936
722983469
48433936
71500949
938692590
44143449
115018362
305626838
605386241
275184487
713808712
288426813
301154056
659261745
525521286
174975738
988633060
64800782
954311684
381260379
605198810
28179924
481914570
436869071
246134724
41249858
304737382
186650633
169336081
209660112
729133765
659667820
269160275
461182049
704058855
89983402
216907753
259050497
712831764
989349519
426730906
925884509
780644810
986479139
106954880
439114650
16474482
322870342
41228047
835283255
959983761
376629494
848659188
753412994
742600576
820314057
280273748
875278802
306938663
61400544
502000378
306988239
329002684
549133982
145114824
769561365
798445466
996757896
621077731
907008227
735900912
963899099
528832094
875253430
973123383
924407252
68102539
632671131
79037541
68069278
594731008
370437276
968868342
647475129
563655386
384377508
404536246
167412046
627855418
816442325
253951697
723760112
417742955
389435176
665149844
431486421
167121458
358550375
85419098
676417184
236131116
464348060
176086387
298519728
12963640
476080039
211186767
667889846
214032992
526239012
35684221
414184558
65471963
84075793
738895939
613364117
27484272
897872835
272759741
742200099
200057311
257831052
131677177
480396908
810687178
408360530
249821665
767379245
72771793
505485223
991754830
559478919
326159733
617105806
672486880
844422107
373638901
482095124
29947730
356604862
71870358
507791185
359144728
133480363
164619723
207423475
817992286
831361586
864801785
521679224
126183814
125291991
4099848
431038960
953402771
82330788
646823907
608410259
602401066
922439642
554498497
628953566
740961308
951993389
545117910
405934013
393307351
331038907
519426260
398387320
608647598
724428998
385363748
648000369
158629149
396529534
281056663
423726021
341760629
500672776
245757224
473114563
447604587
314871331
318882342
692353940
510628437
333758373
19023341
687357528
743437036
156691907
159226206
265076890
974436594
76716998
187403663
603432824
170817617
684430975
731517318
432035941
849055908
848430236
153563114
915487751
189032902
898917552
142337873
922776534
933966715
710393248
526087560
43319426
452342981
649899867
916508230
941837152
242504345
395525829
504364861
497905149
842280338
97585200
608915056
695576479
445350457
137244770
479276509
27342728
250844292
491785038
984979650
607022239
790154074
158671784
895319000
269741967
864393572
688049025
237957900
652851600
783877876
398465071
962805523
850358554
600411831
102141340
540512418
829809820
661915555
80156102
240721779
838261455
580880710
415787912
156460792
971287799
76657667
736510384
592763915
914320198
258043855
234546990
211170727
517255730
327604792
476360044
654502713
525198207
889241883
689342461
674473805
734597281
31371851
605493569
296488527
271104034
220341795
139746396
721663085
703231260
327240608
182598524
678551265
579189197
483571028
63066805
170070711
113054356
861756499
959656685
301993532
567492738
336296958
289363645
77580052
652121982
311835634
365506244
407863653
517647049
920469561
638274088
877527199
333060355
152620154
430278003
201718500
453989937
340538473
766618646
781837575
485549206
946864873
38746489
707015445
821288792
195209805
507751527
573940636
402890036
947131878
821816475
75662397
360602843
46974904
59578915
778899914
439558498
17482852
846041040
110137362
270726005
155023593
44308175
407982748
471033723
34919260
272490985
615896793
744165810
929498605
761591318
974338644
637450386
237668657
685735944
383816209
655751778
522478963
103349553
489478160
755700902
4412038
267857234
965847405
770279311
939151156
199989587
430265742
193928382
417798728
273902196
38844804
269955672
718686803
678220508
905843521
270110876
176503990
516492381
762119092
121622537
324540320
757669517
367916221
684648133
612401691
74429489
205180799
168471318
726118354
418643378
952951858
331805125
93940640
62339958
444824254
996872391
433385431
64064336
920844300
703615611
219861695
154402278
87796050
223717661
533966892
148793294
627659850
884924991
94003690
879933416
193146061
633149190
866510055
697552890
342407677
890089185
667019706
905757448
569846684
503517684
8208409
338514536
336650351
296567144
888185440
297473476
482081208
144502634
427920653
763817207
136166124
164980706
746571403
547965728
249155484
543539872
403079851
346996605
811533646
132625453
519691234
956009682
832877677
615305545
999834096
376579979
394121858
600421956
194520524
202170202
134603854
963372735
304235367
178766087
50550386
137737750
952960913
293095441
574613201
587521585
711436522
994964310
286995635
974190768
99816401
169574800
233028964
343035976
336161980
458119030
357182780
311201099
826809492
491181647
557486672
233056297
389230978
579484673
958965911
993931794
835735258
494285693
762962501
287869937
192882333
663906477
401118355
709393596
89113940
717712751
605985460
582628243
904760033
237049117
509361953
719429805
852285197
275912233
802640228
734900433
68065077
427139539
951503988
813066943
438813099
178905070
900470026
593484802
780546327
52247090
800958140
548084028
238804994
389824900
543934169
462484768
82235148
472678005
404477093
158101724
744577075
707037180
337563633
258881911
549129152
979753731
745028273
605434956
733613563
391909853
280342056
788014275
219557247
902622141
935428621
493794628
588943424
404913889
30775412
741509189
274790365
458957714
855804312
399964979
902806699
641250558
358436709
824478443
505003737
257339409
259653476
52945961
107156365
522978229
835382791
666420920
382833258
749558288
808081807
845412333
555144193
929801237
425136686
630291959
870631079
869250842
546912015
529374349
874844062
717840507
225497667
723873692
237530374
922424635
474920553
14703830
857599014
643226921
731446606
505025814
123993250
290565721
406039070
798721740
186832266
721042702
577471125
395772610
74027277
908449961
914073289
283991039
498350995
6794916
407321436
8709026
988891457
289213151
20126292
273228495
701259258
800929554
245276679
772748609
932002571
289647977
517146266
117174842
418830013
124282969
869554496
637675450
849814682
342281061
382159824
476313561
4289181
962607400
170866029
743615096
139005252
170438428
373276440
776054730
129312169
198760322
385400500
46122792
277675464
252189761
937785227
334307852
440950415
519891476
335457596
187673349
72935308
684441762
961507592
813416614
982644772
372379802
190016882
519912731
198221614
376022137
280971784
629857854
750937384
883476049
32972231
626823643
431150283
19760698
216945308
559005150
573254111
184566913
655178188
707173425
491185488
894086467
703581095
858429869
464852627
536934974
99439778
560653324
588560532
266144250
855757652
393036590
139146682
439907035
40683799
406341565
980311303
174731532
598117742
66898188
248021768
799522881
42174584
633417475
163473958
900653302
126482205
544908930
238442338
457977963
118156570
987720999
708802447
268697133
714065490
113150195
467380716
944561843
279871984
71321764
968494604
342553644
546413369
984377498
542583562
876513545
5009941
735109028
522485516
674077015
235759906
40317100
780885874
727197857
592331992
318025861
202365585
138338203
188969038
584503976
395495446
381066213
183191472
528216983
473713816
40377583
134203577
953763788
187731359
147931212
942838068
707882215
585281639
430857301
590971577
224310617
400301581
334926700
791282407
7259957
837335437
182775001
624190590
521746974
489542615
949726919
714155792
281112182
77381007
246819817
673773470
572324016
595635258
684379425
80527122
245710503
437086879
346430678
951859794
471529188
519855967
909128164
285544794
878109264
47982928
510472212
378045666
9499406
223978132
103938613
563480976
886600649
789345252
92963212
420797988
663517953
962457577
922583396
728294411
19505769
158841170
726169268
644138879
441156832
996388431
381077183
875148617
912371657
60488521
479043176
899038293
252194080
58752775
334876756
114863101
769053105
58445745
478762322
804252627
211760993
65973494
890903367
205590704
909507321
713769575
272753820
987841392
464751834
528307572
340943025
958613983
706199541
110196884
246169548
650744848
447146127
971479190
409147298
230902053
409924320
797925166
338345036
193005777
465619868
84545453
80973271
22511127
64782325
180907348
57486193
638833833
196467908
202212092
260121919
985915413
962221700
609340026
228435144
373028860
688527116
285502469
268909018
170688074
740563467
380490260
905660906
75269208
221431948
587428886
817779183
126407072
411701833
333742549
489559342
406785760
176849738
320440057
43942953
118815943
969975254
341001595
224325199
268941067
529371256
715395383
671750119
700309190
24610990
822792242
204344317
120957021
838127307
949423421
565859738
910323819
724252345
873527980
337612774
284286982
375732918
408126911
322330848
806875428
131563051
194905672
885903089
213177228
618001828
513495927
30065068
999963474
12148527
207019818
825678659
969983839
308028042
77193540
753232078
215513223
506115866
638324163
690856623
196901532
199289840
25356756
185872675
727481628
897828012
86207319
984525972
341760297
249561617
96035927
73258073
682312257
425500159
601095638
529336057
599512696
856821605
274124188
720952202
882479963
276393102
893037231
790931277
40725279
966193583
614274597
36746601
695318680
869077882
325642180
961454054
757925663
421853075
822085291
387654939
683705433
621625698
428175728
968983481
29536726
31307448
692256080
154580641
182400634
849540027
101363003
811468685
370647548
443564694
553866352
381657836
129898717
605050629
749938140
992473460
912355234
144463769
416977916
248338021
522945240
991318490
113819540
500552188
916508657
760911488
693894373
121440342
998731014
593612880
374555944
746404127
773280568
762710265
887653965
613678483
197186151
695910539
247063702
235719708
474588539
545599571
689886173
220284621
28066839
815116927
798916161
326767757
676637237
334101890
520885770
550778221
704718132
919180027
792322398
160545158
947935179
565878085
59755636
978417425
657170272
266017421
79086547
903050776
756203178
237793037
799879085
925783068
554957533
248862317
160377833
439464802
921703329
405501754
527492990
399843058
959947175
590146837
471521806
414761368
811517056
361485896
810700939
556401578
460781945
350413406
478818810
379133721
461538025
32062549
160406824
671359529
530926739
735859169
208529187
884909585
235361700
3308197
249110224
677382428
376779646
872834760
826940726
797365871
315524090
719955805
907476021
185798353
793569802
533842049
409448027
656450542
290702697
240862514
481145383
752708323
136983925
102925819
94236968
597054022
641306555
553828066
379296340
603609992
452811899
840280883
664185740
483490769
883359058
211282022
752444515
333924359
392992870
525569188
235997023
396685778
732567373
942333091
414700606
365825288
909139481
524112357
542673800
993597475
939575105
188495273
585121961
168187674
795848817
511476013
934502819
468401478
489123187
981461681
567546008
639822821
593522631
278354651
634355814
982226711
438467851
545465998
723265903
674533761
387524168
95403556
966888104
620128077
192152112
307419485
495895563
221640931
471014056
688240831
300584631
999188265
160249046
269833965
270725053
39790997
458738954
559514064
256348437
734345768
448234198
857439873
902882031
86501896
273172860
726087093
68474157
48729057
35054771
154207967
750343066
552578264
10973530
948049027
880468766
668915577
634086440
278716077
679206814
277131317
549190259
857961136
882785511
265723911
49360864
416025468
167053049
150296004
697954553
126381412
739696624
865205054
751400439
896525321
502144235
392004033
47334120
783802981
2360799
335213951
729224118
289559830
415807458
386537943
110928304
869927614
819932038
417831159
712972340
737609301
800540461
368790993
417810964
232067093
71399713
811113736
751712324
306140806
934384689
119808944
56678979
347955552
632030031
504934486
603735467
851439177
731405144
346893249
489723763
650207972
651115122
369986224
999993114
928101096
132061519
765165741
484154274
475650874
893963110
569631015
272011191
748765248
21284596
864459586
167002910
882573106
134486021
467015055
784797252
147035913
575276094
382141572
538897473
784564511
704719549
105389473
242399575
491175320
624951770
382316542
884194701
662609065
673444004
665571433
799349082
193766261
686691138
455514457
412986136
625683356
37284832
201075654
189098872
492682502
993810702
709964168
829300542
3298536
815755401
599471631
305841333
59795346
856899641
753844409
13955428
154821531
957642300
348305317
118462916
29177684
159942038
508705979
744867133
987380757
673524740
392963876
162211657
667769169
668920758
171771893
58068038
369563961
496760645
947866360
280299591
313766218
322522822
12350171
124842097
178986728
11871903
203935642
803909141
588086464
673577424
818841348
789214885
716111363
405652937
348506517
29386152
221461185
524429869
164860404
574177231
398099733
873766851
310813529
105569455
388917064
703437972
285467605
566866382
842681800
682559044
318514569
80967290
788574562
704448920
358197132
685796315
906788248
721352167
62722453
392716126
330079308
166805225
775441675
869230615
986982345
163545383
16697018
703939909
375884388
271777984
872598385
90223094
320832299
145016052
749998322
827559146
282689523
812541306
188573198
197081400
78956197
981997754
211188723
227117674
869094703
761221242
965323657
577703662
285978288
719416699
130657591
599735639
775605844
30645229
705403160
964556239
706439200
772139141
619906215
181298974
777545955
608213956
799802618
669291916
592624896
752106215
479955861
958601658
539519317
774818816
247321947
251496550
504925453
307574975
373993838
782213791
422060375
986789582
400796081
255549728
101241527
516119874
619975636
770836305
251006665
812721831
329929755
404847785
897544945
426639273
555965212
602889049
815527750
349173126
234511106
278695543
919555532
127580683
161820711
240949625
269762341
735032823
25600703
54135717
581251522
208741288
238376996
535329865
706732391
267928884
217758016
821597209
587077497
883447146
456124746
920455879
387892500
490995544
809472079
755441217
217510147
706149221
316742158
174555681
155451736
369211255
566125028
865423949
764087588
238997665
336329367
257308588
951056360
950828269
79511978
480745552
164593711
731100284
392086530
938238988
487171409
576931753
952877210
801067304
277905684
284789088
450367998
699553843
451193615
238636706
702204565
843479387
156469373
527236902
62217852
657516007
365657550
701145779
763713688
974877406
811194861
888054784
644685245
439877350
7805323
339067916
738165059
520814066
29463679
962523550
434338692
631387121
842414787
77528451
799352559
936566367
800275244
18523310
965533914
190475721
630254524
374567869
835466833
770210787
582969025
538981939
237254458
390412769
198692071
365251693
852211544
992047168
874849085
843474250
778092054
270977633
307018155
838116886
340021573
415004752
330065865
58088878
801604790
279125390
66998555
604975866
389679756
359364528
512377533
154501685
226733718
445891981
878281510
515943245
659500153
64299240
656921323
353737623
484342585
891605846
770541678
166919808
145257823
527290616
362659385
565191375
361021867
861205147
23620917
722576347
465056609
80543243
533658665
968220128
272731571
220358808
19032559
644678794
614795885
747073743
480812960
424029730
122787728
836187429
227486577
268177962
591636530
338823562
776919640
90325433
631491094
155413251
983497870
207594191
142151563
727400612
515504901
508517631
961190240
847859386
253470327
402010219
100642571
333087710
877543637
576692840
452642567
48790644
61750246
245819634
838962500
440038280
167727943
8022796
428473033
291201754
989564416
218872210
195533525
343172168
213170771
379612951
313433665
365371939
319639720
762731598
998179826
788033190
357420802
821946918
639406027
271305245
107090891
247255410
604735263
645037485
344259385
583039342
46175842
703004089
581238171
153518812
375775354
555473658
97402688
477404196
473248536
965036212
549196766
9634212
100665742
840286913
268461216
629941348
411941799
964910219
565060610
396457379
205686017
584295729
486265012
304614800
877527831
38711604
46493647
215836521
664878133
688796249
44930309
680137013
780630542
885651693
952221480
375773969
959034405
602903917
918572949
922211450
112819422
657691138
393735697
682788889
6935110
208517518
348378590
297721620
754685376
728936899
479688831
393438666
754654751
984136771
785923955
114433122
193768713
522379693
492364198
311903388
371578108
540980418
184387062
195008250
608913039
251478912
29027543
824564804
618235378
661235873
762670971
950978407
101918819
643223860
836950764
929759599
735862260
750778586
722920855
469220611
417501937
189190752
799702137
492956629
895085173
983267027
123664683
767702607
42212476
363154261
975977752
666903434
926421300
948339495
861717776
218805455
479037544
136052211
438716844
210670548
395466792
740015861
711100506
878132959
601998122
64171589
165972387
438388579
638056558
938796131
434522908
13524888
91187416
345734342
53246254
449825925
552965294
54986433
832983335
711410163
723144526
549790108
934788230
862835485
455819033
828510319
51612174
1028493
134228883
45428200
817614011
370485687
790808559
307895757
60706043
418054328
177411342
299344394
548838909
547928714
723615412
178156652
368182817
960274880
77529904
441022259
72842815
727514332
614653012
132763333
538136741
302119214
465615650
753624260
42804155
136071622
143625958
236787916
602746987
996391197
848561101
795828700
649333842
489598558
959314967
383854490
876827302
173862209
735077355
255424238
240787074
149390588
609997363
410623755
980881441
149264858
25537322
928579223
284473740
19609172
649131691
145765273
853098113
599994385
228222156
482549908
684240835
524954272
789018280
185930386
197846167
844248540
781115878
979734203
87876972
217166327
84331683
75602230
567415626
104966012
413791465
143480915
98517865
477096867
236685086
32678561
59130482
410877104
276931533
25362880
973927244
553832309
101693473
643148370
460843202
539002062
904262453
502574447
986180954
957343534
629860001
363181541
823977433
354079632
832846805
170292881
841619684
886601910
639494527
254806188
748508085
210839212
676949263
811997621
794066780
942468953
960758934
660553811
165276152
805744823
501993581
124752284
885151871
209152101
124609533
272481958
332815053
916397901
906353925
606025923
927821028
395493303
997125399
698465710
18901234
335021016
961745736
70180177
284694494
669761981
377560356
430690535
48603594
298780343
947418572
818094972
477434666
89031725
139976480
540343225
443742687
401296265
901822546
690548051
545687159
26750616
484309775
627294637
641587167
181495760
489508952
931483369
507211853
214140947
804271551
370584457
785477956
252128527
725053604
543171579
931814066
470924933
186594105
381589993
856114495
157395997
607557542
385411522
740071395
275052099
742941815
111978944
895753803
406567442
787670363
69444559
161334635
435995090
389043854
755229033
736193401
612085491
713324533
599266755
742604706
687243930
227723492
897427830
606031405
449725144
500457641
486523679
335171326
879440172
135538744
640652313
604632296
647869941
603252126
95602441
997397676
577193205
826548641
787359225
471802770
524330492
431583534
440478516
975660580
864852009
386425663
940912849
68404562
815412354
700845014
125978032
616286931
775314845
405599333
558029584
714718338
489484575
994718953
20695735
24367795
325351370
909042285
251825344
78163165
744148257
631437855
26281795
121290905
141280619
214717940
378720918
255238859
704516411
969491901
238576883
380148620
635643927
6778561
774720513
999081105
163762352
991872855
564012176
242779791
535239938
86267702
280808094
370356896
200735866
754425710
541554351
700656098
80644539
501839130
522044801
259825485
52069051
236411554
263654576
502877261
596416248
934669073
407041712
165527626
297025119
293691846
992586966
605032382
519667103
883218043
915161921
38781092
988038106
600467611
378422108
779243534
310834434
87859309
863605018
68051190
731457668
776848485
130263340
556445521
46794502
631389824
723133997
131580762
92550349
977196191
747539553
15703967
308738319
185769621
687246370
420201685
207005658
266240503
733360679
469251877
997989456
618948339
597337631
714219527
51970336
604851723
799156641
397645436
411490818
701190256
62297148
75631230
461383433
116811157
602471527
516922892
954757787
42213713
428694763
264328323
565669243
59855254
71252070
528647279
662798315
385165627
755744641
366469971
642775455
33858716
127911261
894841012
17168861
89542465
635503579
39624839
159006114
403717788
995286420
391771068
189985013
849767233
992180037
774198025
332384749
339615849
198172699
625380835
562261479
773557541
202049771
953493947
160420430
441907997
486009551
190721904
548227103
233301579
353089707
52735977
440968177
749663453
597844981
609388208
238446260
103083898
799112960
445243673
225632052
719402441
269644004
742662005
450621325
369705595
28419335
191307074
140034626
50166892
806492252
588414655
445275174
447336790
530795562
436871497
757923792
23204853
486521013
208163598
868487959
263263244
883734228
557867609
376253226
454866609
802564104
801727145
238980461
901990508
352725682
639157126
62042334
651814368
462995284
935974351
844891456
235915692
568593045
24756363
481386670
42760910
981698378
61660609
924366497
796013410
291305966
983430227
687128899
996956589
425303830
502600373
652593930
687193712
250009533
581634104
218968353
788274077
448704036
432714529
36521154
612699550
233131535
530944636
20494916
827564616
547750401
943363301
317275702
552164150
375977442
865129577
363476053
671250987
639017340
918258356
672156174
672986579
978856763
538704580
434799591
669929954
442540783
479078872
858326147
723631261
552859005
312104301
432810730
625253254
391980109
298804566
203716740
349980894
383132162
580004361
386876923
120250686
287748189
658256660
108904057
390257519
815245030
827076543
711948785
715809210
104486431
136595889
31636209
683026733
665282111
981931049
698807311
6883567
968669335
357163041
46306571
766778704
16885117
616663366
94647524
443126215
280414610
662885169
807020976
185909811
745833484
941374867
154421897
286070432
951242739
30382887
551444372
827956326
708890463
118599215
881823897
43041776
530999737
195715866
12630892
909631707
509703025
974611562
164792251
380043244
695747214
548155934
61914295
944118688
975622
793660959
665309343
102580180
302751319
496007176
117075737
479090362
395719647
651658913
902079135
707580731
211044729
18397998
355814836
778450273
901882119
902633476
682997628
524519212
202001730
778988067
884026840
662172502
815030071
864082919
705191087
415175763
360216942
634426079
347055077
902071082
488968437
917694602
968333971
37672324
567646784
816869171
126911058
715349928
198199954
386116378
858929215
496247505
77812433
170833560
901670194
437616052
55972540
684294615
770598530
637844865
446868581
915290374
296963238
871923645
830317824
438353326
166557419
534667390
552762299
16815162
231791764
563104373
209804994
649091579
600024275
566574091
887226094
626549096
962992482
466562055
753343945
892071088
652798974
524594668
987938176
630483005
129087025
923406320
847752029
914654873
47887824
530713074
800372391
97897476
631572143
846661578
372907043
625576524
614851925
215411317
46166818
849156026
148839671
900876064
51024316
458593753
839381134
186961925
309843522
23999697
437513754
668899701
809176856
319348465
69658584
46221200
484483274
595380750
427993124
501906799
367074986
526232589
769695456
716058553
399917387
255312344
364034040
531595648
957485757
447580939
772123784
238654869
180687938
349404227
423398605
266412457
919193286
774144832
497709133
243906467
760223263
84583914
770924953
975478169
310850294
773560449
125551745
900651763
511455116
685047992
167353216
886517240
476504221
383220905
60176204
875371023
166565375
334433469
426739501
270073475
200600082
314682616
712541711
168597114
222466961
715913369
569377664
20049798
117018552
161104028
270952371
678188169
393348842
778282601
954520075
385351357
830560785
249596675
576034574
390898898
492758736
801105460
621787250
411324970
4367003
768055847
139734044
837718888
455622864
670972820
741564051
162326023
112001958
473189653
839730256
904778614
603597634
541370778
513799540
900363764
435129921
314582711
323871505
663649894
760600109
947300262
277795406
731158960
324824774
825627641
262814337
767889053
550845996
917207003
949553720
380125009
395368292
152923244
948529031
728480688
566950819
949806126
76930807
962825352
789481904
844352855
499741853
244441289
757618277
716291883
67893901
176288062
704213558
906003182
546349633
929617727
896265644
672395015
81958830
841829631
292952579
554792013
336026069
909413251
953330778
91353137
641618865
34560003
32046928
343528869
347228527
156619132
294411135
314155629
695484088
516205012
89280734
380763240
760208097
407241903
772289586
406331759
218031588
239790486
811276721
426173974
932979499
572849697
383344652
773627995
195547478
384441626
925523246
81650353
796960993
497868677
986260275
330249590
549401640
490396012
704788952
895821431
761022764
653527017
828666784
979966543
631752483
616795414
594170212
895525960
307906659
619199488
727975832
926150881
476480252
465759911
422116263
795857342
765460455
678169651
758536191
490775497
712973100
667639802
897219641
186853480
797408114
351783216
346111817
559329142
442382861
120226670
212118510
295171259
445837413
612251850
490957344
11523966
368401102
622364163
521878270
694788803
650980400
237071441
619454831
998580554
197508352
637248675
651757951
687571028
765440799
768052206
58815091
23160446
878130778
855597862
397574439
625920283
484355303
603342220
367475590
605900315
623898228
415529380
590505693
658204746
67166579
487914909
70612859
718030333
930216184
228616918
196792640
267488463
598240860
399968705
241275145
206816313
935046660
432089626
582097684
654965945
811636943
796486972
937938836
722585334
90465911
735674967
297947802
624333932
680962189
35165143
180919337
885806238
621276146
438625755
286418645
969487532
3090632
832570800
64919371
10548080
931366386
950004095
847615459
575247068
739146692
503512601
520332617
46402979
570158130
110728978
735500921
476694680
532053151
865888909
395975691
537669660
377780945
723873637
6684881
278189060
658287715
515833787
520604993
534045618
110358956
855046902
833570958
969816379
454563977
530166844
106648206
913456887
826060641
967497512
748986988
932865346
513110008
148748617
299236683
99892277
508409999
752833970
929806551
87088537
977858070
554993843
993765692
391721058
242047956
702900030
385599754
104083446
910934057
975519141
392692905
625486155
754059613
409947235
16185
242039630
475517692
493609930
136471259
176752019
803813471
298770243
619735340
791613226
975964808
602369290
266002933
774229469
545474258
485950664
794028022
425554260
570435951
442787593
968801622
953962354
32555433
403723096
450685017
735163290
972010924
181392108
760781566
101467868
265218947
427278723
868648651
973849256
112374939
21052603
263383508
875075183
209893402
615887173
289321015
906835850
887307164
868276177
145936328
981200023
136066519
705037051
2538932
853280339
40572881
555609103
348419864
434278501
917377154
75317732
398538610
827416749
509360696
588693356
522730840
207781096
846031601
264924450
534146880
183149698
749037969
857168393
798561480
93002820
968903917
161741294
857458532
244379893
695730046
894573992
403641831
707080972
304347465
578142821
930433974
961961812
610014576
543019549
460038522
840592342
60431671
447165569
1539430
693036345
280484034
824667371
96952853
2249240
706197812
992546398
1011890
775793077
695064115
250519721
572055611
380062024
85958425
472020157
230954177
733696619
256985460
257643010
2563292
889009077
124902920
369142210
156325066
417040742
703216421
845037058
627041168
633241499
185453241
64451612
747961799
212741609
454592977
198953013
750928710
879922570
636287868
876576225
181963807
62358184
166948755
111074130
67263631
82553347
924017702
428115531
562435652
174584519
218241851
290549190
769926989
356103831
594481287
670221869
448452068
203385145
905227361
481761287
92312470
469556645
853032038
621375989
32433758
857877815
144826275
45196979
473463547
776334883
158591691
124891934
637897520
825784852
211163859
741721891
429644865
396430808
941023314
485514941
599100656
582555754
972498127
10045307
113542800
95003062
770013300
155375013
357289953
870436067
623591578
381367639
308139343
703618212
750105349
298451233
591089596
418532511
786021437
688817567
224406059
631597267
939499191
464723788
925711947
622246073
897353093
805665989
419840147
93346845
636439153
13200929
387670257
358283534
589489217
365339311
89325103
25980157
304431977
331567846
645166437
704092036
511365523
172043867
827475942
639124923
257040479
490949805
78156547
474327587
750204923
83275181
20635520
471604999
137511533
768630464
434373703
220084138
691399379
693242831
58513584
621723277
302628448
722513466
742018776
803462451
390577003
659108451
736089428
760792818
560504497
885258296
113632080
118397213
314026779
692729663
45635127
751582496
511700453
40424619
280663003
608560494
4750405
694141320
309224726
101866807
815672724
483822051
333880862
153173427
503021653
87683501
355229207
245164579
647161423
494460660
327930199
11242846
689244084
908613671
639043347
570797940
362199417
632213830
682023982
825390536
907884981
22291312
290024436
882664210
852542208
568174054
371442346
983148014
264562802
519301212
458329407
532673782
228304469
92663580
655529435
159573659
918526016
88949339
802741761
755655210
244540190
242920066
427099276
480204806
433333512
297958275
716845223
859522538
465869329
169348758
550005182
253486788
75361989
965676657
95147259
696835393
529997390
543067809
955588264
431209613
168321857
714548381
911909983
371554117
126252679
44210982
635665952
212831314
260297086
96783955
157452397
547336049
417852467
730506688
670856993
405450850
667823099
771618200
413029692
444134522
396918186
262330149
3408509
946203292
373531633
188931741
809891542
209781381
938889318
325854843
44551873
373901283
852911869
427382734
503757409
783070320
800606589
568919417
521346106
146325364
938817893
71684847
695072815
110601667
697423207
920173215
741232827
785029194
867912886
632777026
169481094
949752913
827732643
107512017
924218755
143366932
543506203
671799878
753883505
719999607
158887295
794751335
117259725
844929151
471781428
319575156
652355987
339950765
108211453
891014177
901158910
367840168
890729974
20304370
199247918
906276916
311155309
829083779
746165632
342144412
431521879
799840637
254583873
491130515
639745656
108641297
561561307
183908594
66338622
823122908
548137011
796509410
611520322
544619670
570558165
61724797
708153277
455213854
385875587
260751944
135329675
822204470
932219069
186000301
482968640
256523982
254867892
869149120
541510193
297216949
872240635
757890771
940009896
778801730
221364109
180717915
664545611
716181323
920455197
377367208
736583793
556067337
846004542
365604997
3865159
478045228
898410794
977954685
519550008
840310146
403780019
909448045
517916147
893811693
42219628
465855132
588676443
660212486
379922787
623783582
321972138
496878001
484083553
614421498
199082102
959559642
849044328
92254047
694606227
835424435
582945302
601955118
604418891
269040147
32893382
105112509
639685647
499402296
220629897
860113913
922243478
931768429
590322056
797342048
19700825
957665946
746873820
309276403
254732179
18744302
791174730
749563108
897614464
437931720
793137472
17553586
524050240
542010831
173159798
507262798
966539145
930279652
204550577
568780925
904968660
883039180
392646835
166924964
275072138
1854248
176932663
693771209
614486387
301323083
802160801
624876403
415875596
441266356
260963387
910566138
202615691
890984402
257223928
292258948
370204584
297682183
442420186
685982833
77423673
843140787
920434893
80058270
591812790
304461249
936249323
622770447
578826793
395108815
29509716
752990657
702461132
840805193
840498256
572462290
645933779
104824221
718011194
115613551
344759197
826493507
212991730
28526688
91135069
936949594
268399571
536700231
85243566
605997723
463426453
584469034
494226234
970982399
190704359
417176770
475744094
900135172
216558932
13227536
979437674
726408618
724562754
951993412
499578409
701486882
998678992
71508562
282707566
571721348
77330943
830685159
837813730
171471219
532847509
694360787
944571356
897589144
741780380
951467256
290847902
682755672
541481605
166855945
955718309
214317192
170170790
589594316
179654154
890343615
691658766
809725146
900044345
32863232
128527394
762165553
645385318
148015517
418237247
103962629
161724301
808739697
358318459
322245298
664879323
690930514
113376658
766733314
505783948
44637774
739192891
778512807
875894861
795995568
105379455
360034328
775621565
832771693
244184463
213934070
994396556
879913179
23492356
682586543
871355966
77482573
110035687
850325601
260760853
232565628
195156896
11329841
782689098
807667480
282189379
767212202
655582871
829707150
265949179
229757177
586576467
917445088
648853517
238917103
655896420
508279886
231544816
594122210
573632743
786178350
703590256
497925221
196967998
791820955
11309297
716127524
253066474
277295959
349105850
610423669
810553793
525197064
582294426
632424296
235221845
780588136
960207701
125371448
181036176
785922666
983887397
912651935
219607069
256371300
464019568
221856572
302175451
450040088
482528866
299891394
301457283
595302750
586850229
13232467
327571670
767857897
21090722
980659612
600621593
767363856
418190084
768395847
63979640
550424776
180271018
387799335
808028359
928316495
811740809
423385281
725982110
710065384
757542695
301641756
612377375
354206205
266012008
955984536
117605200
299819540
751002781
707344517
992805791
340421941
271269038
101574425
794448624
31198974
684749443
587656583
985963441
640344160
916881667
202691454
77840195
779120530
716234109
122469222
61223754
856051180
282707229
103470340
716639297
446016114
739910653
903423501
203944158
943727048
267786161
700890186
9178614
685485017
194023714
186660990
267452469
601275925
503008641
718346863
290003190
967729740
134958658
167165186
898294658
178141345
104688621
774593053
550341069
650421945
320303862
654376643
594977940
905949488
635723488
661207267
949398165
953372572
486509766
696472782
397435670
307376106
654568196
945679319
294357629
862066714
758604413
294715965
253551153
373627550
751663503
754669238
368566194
501442670
750440209
178640051
707249878
853765354
31522305
717918358
448482066
745667758
645455728
5747303
936722272
564929020
964210748
821682202
371099058
444191482
109207727
696157081
71384568
864870260
717088901
99904406
153380820
671218014
454415993
964952719
923489704
996536243
427419823
440053502
740792444
192884838
735642242
373019122
754945479
989356213
385629869
527032858
897894666
92711405
130842664
390045151
536549992
859169399
899042017
895770164
795217830
231077115
622301257
817141493
129486987
588239177
51874269
33549662
360205073
978630924
107661585
650243837
457608996
540005765
225386175
742407056
349428945
485363946
116245242
459083408
761097985
307956403
276345861
648403517
830164638
917245468
474016055
437098922
238694509
842379139
332464479
193839006
634428270
973428759
948294231
731892834
970294375
488595035
24906297
489028958
631193952
893960278
668961734
506317723
442332972
492298279
74635643
160221879
870339895
599017398
191693701
932049381
629362103
793310401
402125531
966165789
542210443
997221923
887875543
694843169
507532175
882905010
865625007
471952801
410884816
443887762
714373189
36888032
568627871
257366354
43040401
503583290
812760242
940694045
892111840
174821802
304497602
778851030
20815216
187224377
242739160
319690487
947983801
487855150
141777753
853146681
482199090
32426155
583447110
29353104
843586950
569329560
177149929
413420109
96137201
744271596
990554716
404131110
486030207
335635024
262935180
365434336
713498204
851155309
427343527
753267660
977171161
402451551
760332894
738502573
670713188
84158208
439693714
438262901
904305335
964635994
233504761
646977116
281194802
823138273
579810614
186282000
454154546
969787236
767150140
303232507
840353352
19410051
771400710
314052390
787358533
861313619
72590257
442011031
428809746
344553120
837185495
337304454
265345109
458421184
869171676
217230453
63700442
783671457
651251520
308938838
972499994
577597656
55090162
783644802
945506669
789889829
230532484
376461123
765419703
16854501
106762084
806571466
956051624
844570503
393634566
536181642
100326370
891347029
320030017
536028805
549087200
869425499
207350038
202441830
527090116
45623719
752007800
239363815
732305667
401779759
586570891
848014245
62393848
748198003
328243939
429412248
480268195
839048092
875832719
325045418
579616139
13444197
498554164
325704707
326410738
717275904
294243147
978147691
347978748
783736626
221741396
482857047
634073937
450973316
467222891
790676730
116904657
464250749
813478426
858731636
8014651
234430665
177395606
656138306
840438043
339108526
403168695
227356910
851240508
13580809
431692897
587697266
965590326
24349760
111813437
849486325
66969398
836871652
131103295
482560498
875024482
738480636
792918128
492621077
592816936
658148510
795804793
702540654
520124194
836541285
990342973
71038355
601751823
695833895
523126735
956920533
280591920
502758481
164615597
999863596
561174069
632116271
570296732
866415207
708948220
949145558
402769896
710611083
714793514
370280972
607324311
157508455
21364833
626289119
817874192
972870559
384047732
965932003
325590798
14810081
186088511
835706251
594383413
754200107
458085154
141919410
11810336
228586378
5731903
242903341
406021000
920639470
465046579
972056692
904198191
293119163
833771262
730262939
518951103
883548462
219746048
235803612
908113399
643119854
32067967
219395288
313894844
310824667
477502467
856932571
219540526
727017825
475578589
849284343
266089741
906256844
346790046
999245685
927093903
524884942
278347743
958683559
718998521
320270690
525089617
583098912
957790540
445114619
913383431
418113162
813560827
111732891
516817767
809442331
335451140
374348816
648573197
187325706
145139232
387052909
176880076
207929426
635308261
109849931
180675623
288330975
603585084
156199803
60057372
687314507
755273017
91381627
780158641
250580811
604951640
508106512
595163229
70677393
526667828
452616231
526158090
827095481
334672344
174010220
482249629
158337282
280417288
62222274
631458459
685299965
372686098
873332819
827659448
763024593
861122852
680570257
366347395
874203815
963118855
506751244
427284489
363851736
5804049
738376463
991905678
62872531
799601123
403822320
395364442
129695473
510159994
354769042
87987311
915498749
341234918
541158293
820269476
978635654
637770515
31869793
828082562
339165700
722591682
474060171
244608813
888838438
76486889
386393037
966769480
593716220
41839725
365699271
926067033
331424413
249972135
816298679
416007595
579458984
521755928
877835640
245545264
95760546
434689666
906744791
76191212
562265439
151600636
451063245
169104622
223675561
497192611
783034164
786249480
957265072
637604402
486335079
518723823
532986086
629593035
820251794
527817147
310996024
604577448
2982860
729790898
146214178
289181755
896733385
535143001
635935342
159122535
738888807
439435109
989430317
931167020
453490161
425868319
15701897
155488902
553558135
359460414
586925
490638165
832416585
110820976
412895258
165644686
853994840
625716939
475884896
285739068
274337056
81571189
238002058
78644123
995235623
581017311
947751143
991685240
382494939
355857059
375797473
628890355
498382266
579977461
820464884
550894601
350898022
245982312
154783380
949667614
621798679
987616454
496165537
207935174
344194350
720872661
334271517
343082885
301813365
478213477
502357071
527039673
904546901
235746157
276655705
283162482
950315897
846188254
562403755
617473078
576807283
304115992
663040898
114415833
432885240
183136564
365646795
900238421
952784648
899741021
579765730
906621950
651350269
356683941
755059022
618006130
953113650
657268242
600419151
770175888
876352530
673039575
837185777
236586870
28137816
733920245
588540888
45216912
684219975
763541239
252229421
919663978
506775493
593900955
949966382
418918785
275933623
165711171
448027504
117790231
224389641
180651935
213469183
525309470
455078450
419818651
328495129
997793032
11669557
158966146
819213669
180310497
280908379
545286524
650468008
446780421
631949714
70369475
860853757
539128612
416987786
541680996
418217240
232027280
980858564
234410912
172324230
29244005
74039179
595554033
230994644
745293501
955602646
868092769
515570714
930547062
15159482
269820250
34989477
104891364
135273599
416464923
617475376
910824284
491248833
283216863
507118646
581391566
780573804
516979275
683622857
919702681
514501460
730328031
425678941
18030947
941013395
605142674
446434742
495456455
643353550
651620140
311600052
609751320
548591002
596111585
881072154
455341454
759102944
571610602
56222668
932332126
637736019
164932121
831957921
840733213
182333452
215263086
19745543
266999121
790093401
252829117
92208594
141601882
432321738
555887128
465990119
873943323
321228869
527049175
966128146
880815423
213241807
558401187
690809366
439316989
742178799
735607891
817244284
804077091
13395570
422048629
405525115
543335442
877108822
107364948
259557200
761176123
490300526
688506610
754264542
975927668
961578311
24178502
735199788
533288812
777489222
956278327
193886437
106832305
163258711
940333003
3740116
44837129
702399756
310541635
453659097
49661549
356051027
859678162
874809567
402572525
138988354
584365029
780085045
172637395
311674292
569043279
288919451
662872208
658542072
450245851
488755044
666071735
760994695
96335810
549035325
186937094
952948678
491695380
326510939
607289577
220328875
607996048
505781786
718488882
479073200
672747695
203132676
842305297
890125294
878992256
766413353
117912562
151231932
826987487
105470418
841319985
712600440
518716641
756626755
554186180
398386789
752418528
378286201
688072319
490170011
633357326
233278932
811173506
9546809
390345082
447368938
602292060
356325099
927739120
887345026
538990780
148348577
40434115
222772517
927621444
430667300
536768518
842781140
704028663
253345873
408790768
934650418
449071594
625186180
98274551
654676431
497355287
181923985
744665195
308326732
366863938
526161416
678663657
25460126
736436597
429754686
708772811
794799296
869247634
967017578
396298992
268335676
652056376
796332143
755335615
365713258
34024240
160467920
615158095
695703459
325019368
785634618
312835934
736404678
35421318
483007417
855239481
453828866
690206878
387641661
146078783
303894121
341149476
660846916
368516574
729164007
468267214
579597275
472919900
291121572
940848392
529735644
97994480
593373009
917426032
335062917
461054452
715798189
501471547
305069783
769031076
697963229
432769370
944989318
655053061
762000995
810266992
677166095
260819347
761622405
928003230
660380706
151437821
693002129
136441571
886349910
729322115
258794756
612324279
390198603
465082463
962239731
782955132
997228845
953555964
807927545
111608451
479787232
323456263
127195358
961756128
118990781
267902404
122486782
277001112
378487597
272751737
204556420
363653368
674130379
751440426
613233137
295545509
3442180
952252875
552169268
255812971
281770786
269031954
825598603
313237713
90904923
329645110
543724555
447900753
337396348
82799369
585566998
951326102
926041559
953554004
942637617
523095696
273653949
464970619
244483476
352175598
466290528
383040549
193057456
232445136
585352669
27802975
563389750
737803080
502243532
772943276
39688972
148150589
616108736
423200417
519209138
679742979
2503122
707078861
128550288
367015343
264443612
345869850
792003396
28489128
690957715
706299934
843806755
305048948
18463648
516629194
960072294
837747725
772275812
716655489
179505920
358782177
543556144
362357485
673418696
528370498
902059920
481713
559198274
832418467
736115907
684875659
37979644
163336759
962231549
216920593
792990180
609590601
973305316
287846929
90762206
794674206
916007191
967139080
275699197
333429806
841091885
807831560
791329363
606219473
301898241
221446182
269705060
806098728
126430101
782550213
803930498
214240881
981783801
820011198
496302173
107384021
854360492
929199932
576067367
381474112
173714415
749444238
205620534
698974974
338459540
599367033
78001168
725428846
428223877
707645812
702901737
468386764
750781048
134717005
413065469
242122747
142550917
828730432
391535526
249966502
991450164
833711026
630702381
827047333
97990797
385462073
215306926
411944409
646572823
402135601
5526640
834771839
558236010
500430122
992164320
779826901
448188439
694313106
712855039
49081864
675279462
710045463
657517116
996441385
849362348
262354046
788694986
307096379
690145428
586541467
887217443
227763514
114975504
372942868
98419727
707796859
43808643
218267599
267751585
921625508
784156430
221806034
19132117
755528214
632695382
775975340
312522592
245766012
197578569
560151354
776149458
156063031
52704523
362503575
923062501
302364328
360693077
237461874
694282914
571229431
863343477
147038787
65359948
637245851
743011590
256607045
514489670
821758264
965103925
979414461
515659514
935716834
395280680
390523421
551582274
423554787
578148563
913128853
541277133
408792324
902528580
897887873
440751382
207225876
890683836
458163359
701469557
67324773
458175572
101134105
288064775
116255489
809074636
547769858
320795398
304550812
386990269
67777980
636779118
276823486
423331794
882484495
499239390
323620923
795121513
285185750
743541441
615248300
69895671
605280115
75357106
863534499
944563129
837155948
842443562
439953064
57780667
702346311
21176578
185535843
366342798
753864606
616945854
96655471
947734868
345671660
530388151
939218665
913717640
385377824
167007278
567650744
84419138
563289270
450217289
23937507
583063471
76135976
649938986
385378351
230896907
539476503
86660269
658042475
174177999
412109249
869940405
903190909
960958461
824305380
932593817
88840533
294155756
430207776
925977966
46202578
62204636
734605762
179079478
443847501
105366226
604332119
131053840
950886697
463203014
989675083
605725530
532291671
53425993
991521879
43257431
282163106
44958107
188483879
297233131
679958501
124074924
825907654
712923482
460514279
450375075
631248261
331803068
651472341
758740553
581007219
815597346
9942027
733628197
119916849
19138973
961561798
486630385
830165361
84406156
834078356
341121598
172660545
722500657
956281824
488798490
75623785
772837917
33863398
424682171
63339830
588275520
711584878
851393124
162904050
15464912
971034276
551728262
129674332
284729022
278731883
380274669
890849504
613702486
140775854
931562146
785769902
911225481
436490482
848182802
458616386
851731494
368852287
994816283
312367890
198768210
478867742
650929308
838043682
538654041
858090353
179307531
105925560
279045346
717075868
673518460
36315919
19109164
364425249
221939242
74313718
697767013
350058447
960727445
931366328
677484159
303990391
386237904
175319665
7777806
175343076
641547988
383898228
61504660
170021070
467453271
204453517
254713130
42782423
158594833
50317663
302791120
449164827
881342842
474829109
408503797
835761267
656530752
185169830
457431047
872360170
1423934
888986348
229576210
848078832
234532843
703438693
553417548
26159276
80072157
469567103
142870310
628674843
349217234
315943088
708755012
389088004
767357079
838565750
392516027
623964233
173668686
57124082
575322649
13126939
922929977
940727886
172496881
277044713
770465285
577018826
91406250
291627138
444848776
34333284
879604474
224906986
156478734
514227680
296227103
621304572
628174375
866796778
140998100
619841019
231173895
883613876
780065849
201089782
914412246
645014861
288580327
550675969
327027221
408835560
41085408
84160628
594888452
29601839
875041395
67992184
752894700
128658736
276104254
476620145
833998332
924501282
694646466
979335865
884569155
740834180
170539461
984245252
955013673
668752260
141890325
137700098
913032728
518738989
853579555
290038553
820442258
681845383
121765731
559944503
901718128
785130521
833358820
21513095
66523411
68559957
830414721
782569955
606348229
626556375
391008982
990958808
4081677
841180130
96195840
308082555
113927106
114616339
639311010
885057552
27327725
736545309
594446847
363988235
162082014
362637484
440973682
960918351
108192753
223321516
476189446
652169281
522915222
142404464
331072755
913061527
300297605
407783743
985258479
379178013
546052024
540191425
3483937
276288661
519105643
991133104
736478073
785370165
476857419
941785231
447970498
857295039
1809431
68328062
358466516
12635865
188874280
501253540
688476237
46831438
9205487
7721072
503876316
18063538
69745102
73577666
870956591
634660238
323602057
263632345
950555439
186244793
325752382
451315622
458147747
321296850
682819061
399958702
252000446
922514685
686746113
853870023
279376404
709390271
357264564
340542957
561034987
958543451
520287509
715520057
588327231
447974995
157500265
695104911
692541500
861637960
931787330
751024925
167211243
242733111
29845232
883361285
257947154
605884396
710455593
57019640
248430642
888465670
274390118
385386061
519561915
337182759
560836011
317758247
317455162
897760827
849735942
811116979
916189748
618491571
245321590
570884639
967751063
566161643
56742874
552188637
644155891
450390108
143026958
507668569
376773920
66455407
212092062
621817325
71775
492718400
737606000
799448099
717801620
411384449
658087849
432428475
21371738
571325691
820207836
849853165
304418992
77522
242006701
727164274
330134157
208324168
476048839
908572418
8193002
921530729
878777996
149677076
200584654
313918850
551573671
495056477
839636217
116589246
318016908
150568726
161057123
601947626
255056651
103481373
293248059
436588564
213095119
666192693
579661883
538858064
147484596
435098901
408434299
956319343
59880050
573102187
772879399
108742461
168234073
573174687
170049119
932389147
406485296
389118224
933702418
44893055
689469191
51539517
348499786
184534509
802162107
406155819
227266729
644761052
365506683
460174148
601867437
718122085
824758936
896847011
731830395
767304106
866544729
594734072
311380288
443861504
40736108
47403533
735190742
471684429
457103454
805353699
941966649
493696348
354894660
583244118
227637373
808733190
618714724
148820985
261018367
121313717
56020167
619496042
57560961
453169465
511730568
881129978
771434006
820577251
554240649
56425837
517291139
302465944
548346598
941252976
181834522
432955638
982997547
61133672
558172240
661134176
878886058
854825499
860697499
5761311
401339851
996565067
442441985
962360718
263105354
279235033
418867785
167773168
661505360
519976157
11536271
771795806
201886203
298855723
733694972
564522024
837288843
997696184
415352520
907249803
457598722
383877753
452710578
77388793
62259047
587079562
228488891
122227815
616109708
636295488
726132619
79114084
800849620
56451831
698509169
212881223
627863995
217177198
197386140
189117255
150868191
344009136
713569346
546706482
376291097
438507396
343122357
431750185
968536720
724557440
588829313
246925864
275320638
776438892
520403441
149022819
881200920
752490990
643531579
110846159
466235131
189824356
649287063
734779887
156785199
806073484
467989571
297412327
908858086
96319976
786586297
694209931
905556403
352791447
454578331
884734603
452592926
792996255
785722707
421447946
563653334
106610785
978085140
191826695
220219114
579911977
8305650
580566331
208197164
224215759
678327302
647586463
902789314
859892199
923864291
885392085
277370856
759315901
310149088
625340560
97195673
47456659
248217403
863615437
396335353
734516540
970734441
892557278
900882412
476007337
827051059
480888741
208634449
740362111
534949921
576890346
701426796
533714422
611137236
520998319
334859882
777487224
126555292
985233196
735203596
574594453
840638707
49931685
730301407
216610066
448898956
200270608
277623643
380854049
915197418
224871826
219308373
970923260
957639246
720786048
309125703
419922365
88866778
727037120
547752516
356637710
564415262
164987319
7188787
620809859
936374512
772849111
89252518
437460834
969829084
535029618
675680766
828180123
743304772
378727068
867527555
298771708
740417289
764343794
584752153
60869451
423807500
259945194
644975921
12166768
255683980
541370070
56503186
980690132
67202281
1892372
346564150
726765582
667334597
978250094
864427556
79800025
308583374
485468140
537503547
895547012
485363254
877659313
14781538
493513460
634726145
213915164
344785069
502118874
758536539
170694667
669847338
983941753
562072166
799667275
926199030
402906770
571189187
201968372
732977406
785479223
53186605
357585285
771277471
304374123
759790321
649290063
46789857
947415071
104751495
383130349
314857558
507126972
541825812
482896919
114458177
17661854
542042754
349311536
878166871
98842144
514464918
560989277
14880793
570857732
903140952
676415417
941818791
130545703
241507749
696230394
95716437
782461352
339636189
565271461
54319122
26812900
555060827
430420286
266242614
813120372
114357176
397406192
987133437
688896254
704256388
135653577
621701936
187204304
286637283
219130450
812024809
259133814
746619081
565479226
608584609
908697892
523148540
880772461
725390732
125537407
600473612
546717381
387864021
33671101
792340432
68536857
304509818
848306105
20493878
577659702
912986051
687047583
188131002
607324219
535105588
391634559
786404269
457442838
684085173
492626567
943468130
470924870
251808119
854817590
933501053
813281025
193412744
446426544
70228357
296393933
718308603
197697129
53753942
857302544
347937191
424989756
784047250
195978171
749650580
244682674
411257428
81132434
553361493
277920167
727460036
971323340
297912675
322822137
446413431
679113198
742469053
150286777
227303785
248794997
26120624
156659199
896286416
695652095
912793103
993925081
833572574
306756628
94750934
828634639
193894307
198556423
704555816
780082248
633796468
714458112
650002131
101448081
354302540
440722644
347156129
787900862
329856227
600537489
781346568
475728511
81580391
216692834
461678339
451796123
5957183
981280558
52984728
667938412
342301739
169234556
187134502
196020334
132761092
840920387
126549981
811090183
801616251
855881039
370898172
155546758
312226553
579317122
93592125
162897054
419634840
616912280
750664
768497271
129526269
248571229
438209130
415714511
57002239
576464814
43666767
83577139
454006368
479808538
908455710
953087610
554501638
995840246
737010783
990114221
254748954
270281523
828547077
324436838
479086049
905972979
698450324
818748929
407135772
625841606
608810837
570579462
663894180
282784281
58834716
10257001
409862776
193047265
327528586
610392118
932069596
958555029
584567271
393534867
679877052
585974436
815294621
534798181
777966011
688789725
535575539
193359004
727208194
35751169
828267975
773541324
291661579
505449868
37085862
478534359
136858887
351867874
184687679
250005159
747234429
757584314
587972315
903666516
471043948
336940981
708022301
222434395
731269153
18711559
926693361
210616332
191962214
517409412
524597315
930471987
29633978
6756847
683388205
846141453
407164958
371277479
906979475
141783033
582289478
495887863
807706431
597576006
672274017
712376629
84045955
812374867
174336908
803232266
522367489
493059846
805742069
330811881
836557260
341709420
839672530
560425006
551023605
888484767
748222516
528397158
336303357
112198206
822654281
90988170
187006509
381336366
647185457
294620894
753205658
826741127
544406745
326787916
711848051
506266607
191386579
256227759
172189277
619475953
582530924
65532604
157617230
133035992
829904707
517587245
409332123
468801845
523946983
33953754
638215150
858154263
509885496
993247401
109178624
712012845
24647654
855824841
866110797
30272696
485346981
246817564
834969109
855754093
94596515
311034952
627446565
586023478
652925135
1175505
341496042
844254437
265280282
944802200
562560108
742212875
646217483
376295204
130980743
689756975
201765945
927544934
219926480
875460435
131376912
581801770
269443865
808091517
4171974
698340631
185437773
286500740
587472034
569959174
55081779
958930927
660110909
816242645
562493085
470328557
822604512
159786353
366577617
502092645
285126014
694020752
685896439
370467043
770413754
504943435
817432092
240296066
925570332
781571291
48046757
319446725
180493722
973626376
342260902
2986173
366164452
354580164
992077952
573969087
465149542
406300711
41963225
62425892
731132860
249186601
406987187
833245000
183524910
252864206
949254312
210530275
130073193
30720694
938704198
380687261
853969025
970337251
837248
185246041
202843397
306186388
950389985
929846497
752370110
876896083
185138139
107933881
347531068
377493338
231125424
608595229
173069983
351652380
705864729
601557278
751747369
343944090
256948820
103921958
389008643
630561136
962233472
167406745
20457839
509809939
754597299
451730915
769037470
389762907
735498682
893749318
3157907
736023837
506788070
223417765
699656483
221696864
758965287
487743081
943686703
780090952
410296952
736435152
39863066
51600936
168698532
575425640
602600606
939046397
747509756
375891136
722945570
530921540
629322845
286803282
717326295
465992184
456826840
841007168
570129851
693937564
769208188
490370771
837539492
849762477
714340933
338254981
291638944
308631471
273354268
705645087
223695146
943497813
369868998
575683326
684784058
488501315
532830772
145480923
634803541
13776299
11544724
780749241
909716541
276007028
440815820
380190724
87563656
466913474
198338953
941910359
94526930
340083333
26060559
854458155
533115471
834591427
527944485
76367193
352994412
831044811
884611810
778631597
241163605
42617199
804106304
57026269
253300596
839690021
462022933
45909754
224510513
366061156
762910873
751986838
146020244
878734845
348545934
550145137
14540876
289385303
858696712
230528256
926687832
790480145
365390744
414401645
857997725
922095035
60600063
975251630
820877971
515178761
14341442
597745556
583290202
648262505
918467678
925221885
691731186
275071351
255593291
767617049
274940967
578830173
522247620
390402893
38371155
707593481
508441913
749295474
54170885
203102216
853091911
155003614
438854811
795342646
681730250
480299992
263521809
706252239
756955508
762038373
583383860
456618447
690858602
280928327
907084715
254101975
695986388
575472628
699916667
650176536
441865289
848954795
19851259
958271634
362228931
4356322
420117220
438996146
662757653
817669007
322389571
104298427
40852775
286761643
112245930
792848281
589474813
452702429
735084821
281221404
438357959
514107627
434831463
328637074
309649294
689567194
563578865
772749571
729457122
11824344
344977571
313592773
399502431
610328481
4839128
498725029
710572362
650921897
71399334
344562092
858739746
252608885
833618325
758009117
601497827
765268823
254986508
596886448
74557007
211590664
127626805
771528873
511615365
277855402
177687023
487865211
377820956
62036874
867114823
90621448
104659366
163635241
534231451
895860674
748081836
720707208
658964483
630751957
904801962
436789525
426239575
265941739
723459037
585885151
290380196
462142031
857620637
197232723
14812079
210893514
258229807
785649961
343275094
614958682
311355449
95113652
239971313
562833092
10959447
699205586
597150306
184901822
767749374
818526746
466173560
116316613
496041125
425471399
761631042
538709923
227042825
946447633
959696882
92533469
572789954
981724189
211599600
667892291
585146793
313277194
650368644
819685395
113550050
47626641
672790139
325099941
510289078
721183654
737063329
841305924
303228084
96062844
984387274
259659331
913020191
165891189
502261555
419548089
789420314
684704369
773954415
29684635
505049294
237435264
25153703
841394973
818031875
131749597
46361253
990400299
853856151
954224040
370361566
229654102
95900388
730551717
271908777
611249436
913448876
851901
889894406
684660644
743801376
490492916
782995148
248085012
287456295
507618544
767910397
814023529
988922875
220617118
884083475
419482084
159500225
5098905
218568599
394759827
970315888
854871535
295561366
498494635
983941443
128454058
262567725
311585989
587306941
776183534
829234008
569480217
144935115
811500247
822928191
508091149
792772122
566568662
860163218
606677950
70289875
155686298
211144404
706599059
947639466
153596194
413918133
160150878
597104304
63926137
483430021
165698693
64341625
34151967
233227639
176680472
753796342
274702439
441928472
295496855
67702341
438446947
80527641
995843761
688548559
102542174
707265052
110359351
330517355
797686980
919244756
817670449
305374338
709148946
642504242
206493198
583360803
311341996
681082070
298257657
900101716
917224839
443878581
398478106
984761769
878676423
261965742
350064251
480057142
68772286
821363737
971362361
138527795
974502611
25585292
881612664
157024729
510112533
83512210
671528068
651822783
777303437
932846658
973097063
12923728
782942258
777293303
389337124
745960413
645207369
102503116
852308794
864089571
903710433
544697414
408667932
43440472
808240028
599187778
867628040
728804192
232929333
283357939
861491499
303762198
920704645
656947865
657984505
767884875
67622948
622375465
282821229
434982222
271142973
549991594
777501169
100622438
387066861
881890054
8812356
785990813
822028567
318350295
810744347
314021255
478731979
245671278
459580979
461075767
404638678
828390864
926492481
30019989
707215954
570551667
51440364
372628030
595501889
25795220
233382546
790815207
398693849
708179913
128423251
682792325
217549546
951254918
232170291
877614360
348183075
666035156
543234695
55570706
831977667
821638797
847517600
847705905
729052330
608439580
179610451
887035867
686769741
275965718
140250147
411145045
726331581
750219455
570108270
246094452
336825284
478032579
816907767
730805174
280625045
727345512
909002773
652961827
88189758
799378023
672722554
813571269
135927280
151840561
499452428
440880447
534805866
961557455
587774991
584447007
427158432
3769096
617262524
371042149
657029243
714512905
197678081
860859386
632081482
129668353
419467262
604062724
423329511
744215247
578212427
380765997
304051152
376613269
158504040
199948191
171000627
916643723
243011666
186753962
950271257
162770696
398441038
577448577
426201123
394679285
20910888
271055651
592236778
700312426
326005960
334645743
662654641
324688842
624772596
519144011
643591428
149744870
676426273
270481554
134732619
191679015
670875356
848148135
112324101
853480322
986137510
498781702
959811202
157080254
960323536
444271886
879693543
796867803
472737530
104183845
285490093
871381160
941249163
831958140
324678164
223424462
793267370
811535761
875355271
403727970
307559704
324045955
593592271
779692486
317652888
432853316
742053881
365802826
592695996
998990863
145205715
802946554
64373032
288797634
128754311
848713930
209577290
720644815
345883005
170838126
447505233
867401048
230266139
125312922
421865948
79743591
782401537
455755836
245134993
282743689
453334883
199793111
165805771
99346150
587272758
700675629
273257816
890140141
33933799
228350830
564364087
412239682
469188157
705310225
950796287
794073494
906604183
930075850
63158428
150559425
339273845
698719472
117057793
94382985
208998121
147066994
246353602
726006752
216556581
851344798
731751076
583753137
641159301
652553950
314489879
414047601
751551800
653500943
681904652
318244686
846011505
325224766
737980858
34868605
234192074
830961364
63489335
777585881
161919258
223150722
849019404
350914199
4368771
120605958
333086403
663519717
703989700
639226715
92722475
200044665
486701815
921434468
674648855
574192599
4846336
249274237
102171774
65618174
817349029
944608668
993268683
754640960
974405724
934021907
605417128
491116729
415900866
290439637
544891239
52015082
119565078
39920831
201852477
351659745
997479908
164267197
177886323
338050041
343463195
484949391
572021104
203745352
884021329
605604596
661313428
789161240
554612204
908635176
684249344
47137277
407322746
758125555
774087761
254525263
248924766
904351811
131274894
853828857
354415601
211118481
264846760
895155330
252668562
716777378
974834906
422544663
623106993
958255376
917208905
114456689
484863730
740243371
501903157
177527320
387621316
243383199
802524532
473050113
975607429
313171042
580443565
156826446
269322491
241434857
197817557
749288588
700561721
80774491
913952505
601782479
645574682
391625297
230411237
54828744
556957680
690940446
287063950
75091859
178147449
743531972
114726542
774088048
160995509
267825290
63777144
753991686
836815612
255926687
830830358
173395579
377125574
111432658
19494208
554798634
64883757
100948107
267431703
237747080
659005507
703152903
415895193
770440200
93836469
516807069
806287690
435952740
10649278
565337953
711413264
825464147
173438200
511149936
524000693
577637790
78202749
628588759
111083685
812106079
499322234
443906996
427998562
934230509
678559963
668884913
661508796
551682253
812581837
918543059
958038614
127645804
497996942
995723515
468125359
893178381
118720719
652849894
59228845
709364867
875932726
710771223
642416025
842103049
965665829
407376852
198955929
504560843
309646898
56975313
901053360
474700559
74602101
384372086
837043622
319186210
987724026
645559287
826311221
846387977
202838933
386986193
810388475
843810919
350424704
314140735
198721530
826275520
417404719
66537760
686516882
839796525
233035140
750688411
139740826
158894170
162742890
904862531
613160531
786300676
243800560
865594563
722784382
982056168
35137919
991309703
161836157
236798913
968947295
934384293
43723440
857978836
828151554
191882438
584285808
365137777
943394241
794538629
602917360
83134437
208229464
834555423
553903530
636845892
559670039
395038384
135369380
164024503
344405001
79325380
633530347
380003805
215004239
157004572
763149789
206004413
913931719
373373154
20468691
58641699
973962920
1929988
575585531
75990405
94308548
605375483
877087497
742258393
527979022
934801882
97446779
239390647
514986295
76627465
1336292
529839087
885782108
467522097
498511429
563884443
764290895
37087165
754759069
429065515
558780205
141518746
765820538
930007226
387847188
608335247
28382909
800988368
523013125
666940700
725894022
27250805
594517906
165507650
943931456
837894049
458295085
771742827
72098606
329843584
940435032
144906510
275988984
127375236
454834450
35513638
321981032
263186689
422047363
373090560
90056261
161257119
723590732
387003948
550524124
302100301
501513945
953780292
165955402
807649710
35774633
900165476
541385436
415661996
107124255
999955912
515463029
322786160
302480840
280257709
204301060
425900771
480604497
392653474
57770316
382187598
575225487
795764172
376671428
560391425
254149048
523158176
513145066
147334510
805996606
741242365
673305390
275625487
777141517
531664392
693300610
821306327
584902249
330296236
227601028
330958505
908266694
45620538
496224133
822002914
475744938
668524898
156895140
786983487
135876425
769932627
644985691
360181241
417244813
402120692
303399314
310586845
858013765
140341101
213118279
166883338
524444796
226000374
753731695
148704580
143521078
313658979
502385432
230853012
203693856
661922818
371543524
951923813
689640874
815174024
232241846
638404903
334443280
265763697
944015975
765313294
515564208
366640077
745000236
450957444
670444190
366850812
190600522
881255136
928329329
107211384
321204560
747808597
311429565
553742676
920650629
849613395
11047844
837749092
554091233
534753600
48159220
945603461
279491534
40680559
314356129
780964909
452720273
767070421
163457571
899272072
131040161
420503232
6929694
233014741
269724500
63580508
14748547
563151758
234676765
294683280
852573168
508921540
987917320
898190784
411529363
149947747
113802036
896628308
395338332
135335748
158385217
692166459
700800729
326194858
846061652
70634460
790240979
702903886
737361549
803781533
881889337
330470350
452064134
600449970
311247110
21301560
325432211
474451021
342202655
295657307
582691352
626484771
583457630
762777369
980185768
98120223
643820814
300227570
539880674
31361311
165547525
601350007
609299068
634084468
247751815
790461857
383068424
20685903
69091554
493644475
661260143
102029807
824531606
936067781
107686141
485171488
445234687
687017915
999947007
582150582
857520238
486208954
577997443
621438467
342384159
514011155
270677432
754654128
140547653
98851115
134562689
285113372
133064601
243578687
228416462
410985546
995478989
150787468
602438113
101138724
503202430
936413901
357649383
803001768
126920006
350304466
578350909
578011699
937753876
43151934
881152051
81116594
937867094
684138355
210921971
946157703
88553400
480891284
788732369
51300855
609604412
671986914
561214350
867518669
748335756
151874402
594345656
146084671
276178915
417574559
701324357
115979387
961257008
929674480
148718855
539902597
309721270
932130306
667677622
772937362
965957467
476765289
830233749
629249675
910361293
612390349
873115105
298288045
204581017
806128327
27226676
401023597
86732944
544291654
907215303
581415647
324590642
490317883
400024412
424848879
864104538
185510426
348380777
629047993
860686791
568849549
42767916
794259757
586164822
794156127
781209021
344286614
931470761
438735336
63751743
181953642
312162781
590009987
202103081
549087245
879584688
907165838
313051773
823284930
849000726
408649049
661033506
608022070
746020229
74061387
957101079
917789217
722578793
297529433
136330602
443555237
299504701
82728053
459500032
909425436
402153055
128969074
281749218
639250731
871414007
519481891
607043631
869632924
898834177
876041392
280054314
691931336
283730727
853122629
323484429
256673959
352582654
441981890
825025894
723661169
247180180
277598106
358082811
560022056
264296857
790935321
124543751
112460947
512608285
239067540
563886611
863282977
800457283
875193490
971518655
456824016
878633607
344603736
285413068
271433757
418756988
95163913
73477323
611157003
835877539
802018629
97201796
777599854
223865970
365087683
414822189
813621803
352550509
728152982
96774253
249731067
995089876
893580819
175494714
216541607
940816293
799734404
618854260
458887867
92106839
470756321
943817932
322106319
630009753
508165547
17625535
723505493
357791645
160667231
282549332
13387547
974366091
454491836
234036993
930896527
927295549
188964602
468082894
552899515
668076412
941902601
121112627
664512022
399396974
479268907
867887249
158016856
784812034
865800607
355027565
415248640
386695672
706690398
378513329
94679532
872161143
882403537
68620677
577422129
859648607
152545494
417434857
753364844
90580513
578983004
207621778
756698600
248756888
528300699
404164741
446818473
542989446
776504269
675510339
758717060
150637253
313053548
370955532
431299385
714416314
556668754
481622638
656124426
74479526
696940987
896500861
648408264
807279849
98242392
364238379
303758679
367446730
664422963
801937790
981137796
656513618
362045275
917945181
941809249
586593247
707480474
290182247
94275386
739973918
67248921
897955111
267936533
161773291
930880980
761867456
661904579
213086774
800097017
129208086
96889359
748546738
786984461
766237715
176054677
90079468
797650103
242322621
246670916
263969313
346388420
147259701
757948332
284300421
201924861
125488679
954274585
254625364
892449159
482253100
942911072
181568332
726325682
357645403
997335336
545416440
754742503
964439659
23393235
4725469
867113108
561823289
854083635
362267517
177814965
80505646
544225484
597948204
108010882
892670143
303356388
988231820
902092931
281955922
53381284
986681464
174853232
779135054
722057527
596833277
101764844
96494921
18511204
525563365
517356300
939553277
939548497
522390950
551128656
296581073
310336763
939299664
553940612
311360177
572327263
11911940
303540226
145240656
101675964
951590718
887033820
744511327
186842917
881393128
985902228
543540853
